0,,4
1,"""1、负责应用系统的版本发布工作",0
2,"如你有品牌设计经验，也有UI设计背景，那就来吧！""",1
3,"协助解决生产系统生产问题""",4
4,根据项目需求完成多媒体交互图形界面开发，完成数据交互、动态信息展现,1
5,根据产品提供的需求文档，评审需求及工作量，并保证开发的功能的稳定性。2.评审测试人员提供的测试用例，并配合测试人员完成测试工作。3.负责模块设计，项目相关的技术文档的编写工作。3.负责项目中主要功能的代码实现，同时参与后期的生产问题解决,1
6,"根据公司发展规划，制定通用性/行业性技术解决方案；""",2
7,熟悉ActionScript编程语言,1
8,负责与业务部门交互沟通，协调研发部门、基础架构部门完成运维需求交付，包括生产和测试环境的搭建和应用版本发布，并提供运维服务报告,0
9,负责日常大客户运维保障支持（重点客户）提供大客户系统服务解决方案，协助业务区市场部电子运单的应用推广,0
10,"数据图表化展示，能够完成前端图表展示开发""",1
11,"具备5年以上WMS或OMS项目实施经历，领导或参与3个以上大中型WMS项目并成功实施,有乙方实施或产品设计工作经历优选",4
12,上网行为规范管理,4
13,参与系统联调测试、用户接收测试方案、测试业务场景或测试用例、测试报告的编写与审核工作,1
14,"""1、根据用户需求完成产品的ID设计",2
15,，实施软件测试，负责编写文本、自动化测试用例及部分测试脚本,1
16,产品持续运营：负责制定相关运营政策（如内容完善、活动策划、促销推广等），达成产品运营目标,4
17,"主动与产品沟通，不断优化测试方法、提升测试效率。""",2
18,协助各研发中心GIT考核验收工作,4
19,具有熟练的编码能力和技术学习能力，且具有创新精神,1
20,善用UML方式表达设计思路,1
21,负责Unity3D产品的系统逻辑3、UI、工具、图形特效的程序开发，协同策划和美术优化改善产品,1
22,支持研发部完成相关系统和设备的测试工作,0
23,"跟进产品运营情况，了解竞品动向，关注市场动态，并提出相应对策和方案。""",4
24,负责公司各业务系统的Linux&Unix操作系统、云平台、docker平台运维、开发工作,0
25,，负责中间件日常运维规划的制定与完善,0
26,"对接业务，负责整理、分析一线业务需求，推动解决推广中遇到的问题；""",2
27,应用系统和数据库资源容量评估、环境交付，性能瓶颈分析及优化,2
28,负责产业园相关智能化设备的需求承接,0
29,"""1、负责国际物流交易平台的产品规划，包括但不限于产品设计、业务流程设计、功能设计、UI界面设计和技术编写开发需求等",1
30,"""1.负责机器人计算机视觉算法和深度学习算法的研发工作",1
31,关注行业发展方向和公司业务趋势，保证公司技术解决方案的市场领先性,2
32,"从需求角度进行需求测试验证。""",2
33,"制定大数据的技术解决方案及规划，理解业务需求，推进大数据的应用。""",2
34,负责制定产品业务规范，撰写产品需求文档及梳理业务流程,2
35,"""1.为客户提供系统解决方案，包括客户需求调研、业务流程分析、产品规划、产品设计等工作，制定并编写解决方案",2
36,４、跟踪存储行业最新发展技术、研究和积累新技术,2
37,负责产品功能维护和改进,0
38,"""1、按照开发规范，标准、规范、严格地进行项目编码开发",1
39,"""1.负责客户处投放热敏打印机安装调试",0
40,"建立场地规划的工作制度与流程，确保日常工作的职责明确化、流程合理化；""",4
41,需求,2
42,负责应用系统重大故障快速诊断及解决，跟进及推动故障改进措施实施；制定系统运行应急方案，并使用应急预案优先恢复应用系统,4
43,负责,0
44,"项目进度控制，与供应商及外协单位沟通技术方案及项目进度；""",4
45,负责需求调研、分析、研发、测试、上线整个需求过程的管控与协调,2
46,独立推动设备生产供应商配件打样、生产进度,4
47,从客户以及经营的维度实施数据分析与挖掘，为业务区经营提供IT技术支持,2
48,"""1、负责视频结构化和行为检测相关算法研究和实现",1
49,"""1、	负责应用环境部署与维护，安全稳定运行",0
50,跟踪项目进度，使用相应bug管理工具对缺陷进行追踪，承担负责项目或模块的质量,4
51,负责专送产品与北京同城平台的对接与开发,0
52,"""1、负责产业园建设和运营过程中网络系统的需求调研、设备规划、安装调试等相关工作",0
53,独立进行相关功能的单元测试、集成联调测试，及时发现问题并修复，以保证质量,1
54,"负责策划组织市场活动，如行业展会、高端论坛等；""",4
55,"构建并设计仓库管理系统的核心功能，输出PRD（产品说明书）；""",1
56,为新入职的同事提供工作所需的技术培训,4
57,负责鄂州枢纽工程实施期间所需各类信息系统、信息基础设施的规划、建设、管理,4
58,嵌入式软件测试用例执行经验,1
59,负责整理和分析客户需求，对其分类汇总和实现预估，提出产品发展计划，总结提炼出解决方案与需求分析报告,2
60,"研究和探索创新的开发思路和最新的前端技术。""",2
61,熟练掌握调试分析、注重代码质量,1
62,负责平衡业务需求和技术资源，主导与技术部门的沟通，助力业务提高效率效能,2
63,对所负责运维的业务的质量，成本和安全负责,0
64,快件分拣中心建设项目的工艺规划需求数据分析，工艺流程分析，工艺规划,2
65,"负责发件工具用户的故障处理，功能支持；""",0
66,"有一定的大数据团队管理及人员协作经验。""",4
67,同销售及客户沟通，确保客户解决方案满足客户需求并被客户接受,2
68,负责承担版本的架构设计、性能及调优工作,0
69,"参与代码review；""",1
70,"探索AI在物流领域的创新应用。""",2
71,，参与平台架构部的语音云平台的架构与设计与研发,0
72,"""1、根据部门需求协助处理日常工作事项",4
73,负责产品开发工作的计划、实施，确保技术的超前性、竞争性,4
74,完成指定的专项工作指标,4
75,负责处理报警，进行日常巡检，实施变更，完成需求,4
76,"负责项目中主要功能的代码实现，同时参与后期的生产问题解决。""",4
77,SupportoperationprocessandcommercialrequirementsinEU,4
78,"完成公司交办的其他工作。""",3
79,负责场地内网络规划,0
80,"负责跨部门协调和沟通，推动业务、设计、开发、测试团队紧密合作，确保项目/产品按时按质完成。""",4
81,"""1、负责运维领域相关产品的分析、规划、设计与执行落地",4
82,根据产品开发规范，完成相关技术文档编写,1
83,熟悉产品项目流程，熟悉视觉设计规范，并且对字体设计有浓厚的兴趣,1
84,"""1.	参与同城DDS任务服务模块的业务研发",2
85,"""一、负责市场调查和分析",4
86,"""1.调研物流行业和市场需求，在充分理解物流行业生态和物流业务流程的基础上，挖掘并梳理目标客户的痛点和需求，并形成产品策略",2
87,"""1.负责通过技术手段和管理手段保证公司WindowsServer7*24小时正常运行",0
88,对接产品客户需求，并形成初步的合作方案,2
89,负责制定并完善团队各项目的开发计划、组织方案设计，并监管开发进度,4
90,维护和升级现有软件产品，快速定位并修复现有软件缺陷,2
91,"""1.负责产品的设计、推进、用户研究、竞品分析等",2
92,"负责iOS技术问题的解决；""",0
93,参与手机客户端软件架构设计,1
94,"""1)独立负责业务系统的模块需求分析、设计、开发与维护",0
95,有强烈的创作欲，充满好奇心,2
96,"""1.负责IOT产品产品需求分解，方案设计和评审",2
97,3年以上软件需求分析经验，有软件开发和大型行业应用软件系统方案撰写经验,1
98,"能够根据要求打造前端组件。""",1
99,"负责android技术问题的解决；""",0
100,对各个项目或系统制定QA质量保证计划，并持续跟踪和更新,4
101,负责公司软件配置管理，如基线管理、配置管理工具（SVN/GIT）运维、使用培训,0
102,"""1、负责公司大型中转场网络、服务器日常运维、设备巡检、远程技术支持等工作",0
103,负责图像处理相关技术的应用开发,0
104,"，对项目总的问题进行跟踪分析和报告，推动测试中发现问题及时合理地解决""",4
105,负责制定模块测试计划、用例设计，编写测试用例、测试执行、Bug追踪和管理,1
106,"负责项目的团队建设、技术选型，总体架构。。""",0
107,负责公司网站、软件系统的开发及维护,0
108,负责系统及相关产品需求分析及架构设计,0
109,根据需求实现系统的分析、设计、编码,1
110,"协助应用升级、网络升级、项目上线和机房架构变动等工作；""",0
111,熟悉Android下Java和C/C++语言间的调用和数据交互,1
112,对版本缺陷及生产缺陷进行回顾分析，改进测试过程，提升软件测试质量,2
113,"""1、充分理解公司发展战略及各部门年度规划，收集和挖掘IT需求，进行合理的规划、分析，形成系统解决方案，并协调资源，推进实施",4
114,"""1.本科及以上学历，精通java语义及技术，7年及以上开发、设计经验",1
115,组织制定、审核职责范围相关管理制度、流程、规范、手册；提供专业意见，并推动实施,4
116,"，良好的学习能力和对新技术的追求精神，良好的团队协作能力，积极主动，乐于接受挑战，能承受工作压力。""",4
117,负责APP产品功能测试和兼容性测试工作,0
118,负责业务模块需求的技术可行性分析和系统研发；2.负责个性化业务需求的技术可行性分析和系统研发；3.负责业务系统的功能模块、数据结构和对外接口的设计与开发；4.对IT部门的产品解决方案在IT内部进行讲解（技能传递）,0
119,参与系统功能验收工作及用户手册、新增产品功能培训资料的编写,1
120,"""1、负责熟悉公司内部的研发框架，对个性化系统需求进行前后台系统研发",0
121,运用hive/SQL做数据挖掘分析，用数据驱动产品改进、业务发展,2
122,"执行测试并编写相关业务文档；""",1
123,"独立推动小型智能工具设计及落地实施。""",4
124,"""1、负责Java后台开发",1
125,"""1、负责android相关需求开发",0
126,负责有关多媒体交互设计方案及特效制作,1
127,配合销售人员和客户进行沟通，及时掌握重点客户的需求，了解客户状态，收集客户信息，开拓客户资源,2
128,精细化分解业务需求功能点，推动高效迭代实现计划,2
129,"对数据中心行业技术发展进行前瞻性研究和运用落地""",2
130,"为公司的网络持续优化提供方案""",2
131,"""1、负责图像检测识别算法研究和实现，包括且不限于打印字体文本识别、人脸识别、目标检测、视频跟踪等",1
132,整合产品需求与数据分析，完成产品设计方案、原型设计及撰写产品需求说明书,2
133,熟练掌握软件工程基本原理，能熟练使用PowerDesigner、Visio、EA、Rose等至少两种建模工具,1
134,"在项目执行阶段，对项目的资源、风险、质量进行总体把控，解决项目的存在问题，推进项目收尾工作；""",4
135,根据上级要求编写符合规范的技术文档及维护手册,1
136,协调业务、技术等资源，推动关键场景验证，为项目决策提供关键依据,4
137,熟练使用Kafka、Elasticsearch、Sqoop、Zookeeper等大数据相关组件,1
138,负责整机成品Bom制作，资料、物料、工装治具等的确认,4
139,"协助系统架构师、研发工程师对需求进行理解。""",0
140,"制定运维流程和规范，沉淀与积累运维实战经验。""",0
141,负责同城产品推广方案的策划与实施,4
142,"""1、负责专送产品与北京同城平台的对接与开发",0
143,"根据项目要求，撰写各种技术文档；""",1
144,跟踪结构件打样生产，工艺试装等工作,2
145,创建开发文档，包括系统架构体系，功能目标，接口定义，逻辑状态等,1
146,协助运筹优化算法工程师进行优化模型的数据对接清洗，代码迭代管理，测试；2.RestFulAPI的搭建，维护，性能调优；3.Kafka框架的使用以及性能调优3.开发测试管理体系的搭建以及维护,1
147,开发程序满足公司内部或客户的个性化功能需求,2
148,参与项目功能需求调研、项目可行性分析、技术可行性分析和需求分析,2
149,技术文档编写、对用户做现场培训、系统使用指导,1
150,"""1、根据要求完成产品硬件设计",1
151,网络运维平台和工具的开发,0
152,参与运营支撑平台、运维系统的需求分析、设计、编码,0
153,组织、推动并梳理各项日常工作及项目工作，保证工作目标的达成及各项工作得到有效执行,4
154,"负责公司平台和产品设计，理解业务需求并配合研发同事的工作""",2
155,负责数据中心各类专项工作的跟进及项目进展情况掌控,4
156,相关经验包括但不限于用户行为分析、关联分析、时序建模、文本语义分析和商业预测等,1
157,"熟悉RocketMq中间件、具备丰富的高性能大并发场景下开发及架构经验优先。""",1
158,"""1、理解集团战略决策，把握产品线的发展方向，并制定产品的发展规划和实施路线图，实现完整的产品生命周期的管理",2
159,"配合测试团队完成产品测试方案及测试用例，协同评估产品测试方案及测试用例的完整性、有效性；""",2
160,"独立完成开发工作，进行模块测试，保证代码的质量。""",1
161,绘制工程图并标注各类尺寸、公差、材料、工艺等要求,1
162,对常用的回归测试用例通过自动化工具实现自动回归测试,1
163,对iOS程序的产品设计，需求分析及性能保障有一定的心得,2
164,梳理优化业务使用集群的流程及规范，使集群使用在资源利用、质量等方面均达到较高水平,2
165,"""1	负责公司各产品前端研发",0
166,负责相关业务系统故障处理,0
167,"""1、根据技术研发计划完成公司系统平台、基础服务组件、接口以及应用主要任务模块的核心算法分析、设计和开发",1
168,"""1、负责手机移动端网页及PC端网页的前端开发",1
169,"""1.负责移动端产品的设计、推进、用户研究、竞品分析等",2
170,指导技术人员开展工作，对系统设计、需求边界、软件开发、验收测试等活动进行进度和质量把控，保障系统的稳定和项目质量,4
171,及时对BUG库中的软件问题进行跟踪修正,1
172,跟踪产品上线运营效果，形成产品分析报告并给出优化建议，最终进行产品优化,2
173,前端页面性能优化,1
174,根据产品提供的需求文档，评审需求及工作量，并保证开发的功能的稳定性。2.评审测试人员提供的测试用例，并配合测试人员完成测试工作。3.负责模块设计，项目相关的技术文档的编写工作。1.负责项目中主要功能的代码实现，同时参与后期的生产问题解决,1
175,负责自动化测试脚本的开发，包括接口、功能自动化测试脚本,1
176,"具备良好的沟通能力和优秀的团队协作能力：""",2
177,参与平台型产品规划，负责产品功能设计、流程设计和用户体验设计与优化,2
178,3年以上J2EE架构的软件开发开发经验,1
179,组织并协调产业园运营中心信息化建设工作，通过信息技术实现、保障、促进、引领企业业务运行、发展和创新,4
180,从各环节（如运力资源、业务时效、业务成本、运营质量、运营效率、运营成本）进行数据分析优化落地，定期输出运营分析报告（例如：系统数据传输时效、航班效率、车辆管理、中转环节等；收货上架及时率、拣货效率、发运及时率、商品信息维护完整率、仓储系统优化等）,2
181,负责产品目标用户反馈及用户数据分析，市场竞品使用分析，提炼或构建产品卖点，并能多维度包装现有产品爆点及核心卖点,2
182,"负责财务公司的信息系统安全管理工作，并持续加强公司信息安全管理。""",0
183,"独立与相关服务商、合作方、渠道方沟通、谈判，推进项目进展。""",4
184,负责与项目经理、开发人员和需求就项目要求、进度和问题进行沟通,4
185,负责APP生产线上问题的分析与沟通工作,0
186,"""1.根据产品提供的需求文档，评审需求及工作量，并保证开发的功能的稳定性。2.评审测试人员提供的测试用例，并配合测试人员完成测试工作。3.负责模块设计，项目相关的技术文档的编写工作。4.负责项目中主要功能的代码实现，同时参与后期的生产问题解决",1
187,5年以上大数据开发/架构经验，并在实际项目中应用落地，有实际的收效,4
188,"负责技术团队的队伍建设。""",0
189,不断调整、优化数据库开发维护规范，并对规范做出相应的解读、培训，规范线上、线下数据库结构、权限及调用；支持各产品线的数据库设计及开发,1
190,"负责部门推广传播渠道的管理运维。""",0
191,协调鄂州枢纽信息系统与顺丰科技、航空公司现有信息系统的对接工作,4
192,"Researchandimplementnovelscientificapproaches.""",4
193,对具体的产品进行性能优化，实现极致的Web页面加载、执行和渲染时间,1
194,"""1、负责iOS相关需求开发",0
195,"负责品牌宣传、产品推广、展示活动等视觉设计工作（宣传海报、易拉宝、宣传册、VI、H5页面等）。""",4
196,"通过专题分析，对业务问题进行深入分析，为业务的策略、产品优化提供数据支持。""",2
197,负责对系统研发过程进行符合性质量监督和检查，对发现的不符合项问题进行记录、跟踪和推动解决,4
198,负责私有云和公有云上网络设计、配置、创建和维护工作,0
199,"参与研发部门技术评估、技术积累、技术难题解决等工作。""",4
200,"""1、负责移动端APP及PC端页面开发，与后台工程师协作完成产品数据交互、动态信息展现",2
201,"对系统的应用运营状况数据进行统计、分析、汇报。""",2
202,"""1、负责公司区域范围内分支网点的日常IT运维工作",0
203,负责推动产品落地实现,4
204,"根据产品和项目特点，提出合理的自动化解决方案，并负责设计和实现自动化测试工具，提高测试效率。""",0
205,收集市场反馈与用户行为及需求，提升用户体验,2
206,"""1.参与数据平台相关的接口设计及业务功能实现",2
207,"""负责Android客户端开发工作",0
208,"负责移动终端产品新技术预研。""",0
209,负责处理及跟进用户的需求和建议,2
210,使用仿真软件对所需运动控制算法、机器人算法进行仿真验证,1
211,"以快递业务为中心，利用先进算法，持续优化产品的用户体验。""",2
212,"解决大数据或人工智能领域出现的核心技术问题。""",2
213,负责深度学习模型的研发，调优等,1
214,"能够在团队中完成codereview的任务，确保相关代码的有效性和正确性，并能够通过codereview提供相关性能以及稳定性的建议；""",4
215,出具详细的产品规则说明书，并讲解和开发跟进,4
216,根据实际需求进行敏捷课程培训,2
217,负责地区运维工作管理及基础设施建设,0
218,/,4
219,"为团队引入创新的技术，创新的解决方案，提升团队整体技术能力；""",2
220,协助研发和业务查找分析系统问题,0
221,熟悉移动平台各类SDK接入流程,1
222,进行自动化测试执行、优化改进，进行测试问题分析、定位、跟踪,4
223,与业务方及商家进行沟通，获取并梳理业务需求,2
224,参与项目全过程，统筹管理研发各阶段问题点，直至所有的问题关闭,4
225,"根据上级要求编写符合规范的技术文档及维护手册。""",1
226,"""1.支持上级工作，负责上级日程管理及差旅行程安排，协助上级做好部门管理及团队融合，参与上级及核心团队的支持工作",4
227,参与公司内部使用的航空行业相关系统的需求分析、系统设计、架构设计、核心编码、系统实施等研发工作,2
228,根据需求设计合理的实现方案,2
229,"""1、负责招标文件审核和商务合同起草和审核",4
230,"""1、完成研发经理下达的研发任务，按研发规范提交最终成果",4
231,负责AD、ADCS、DNS、Exchange等微软基础架构产品运维和技术支持,0
232,四、负责宣传、活动策划、营销推广工作,4
233,"负责产品升级和维护。""",0
234,负责开展审批流程&授权管理方法、标准、模板和工具的优化,4
235,"负责需求管理平台、架构图系统的研发和平台升级优化。""",0
236,"""1.负责公司业务系统主机、数据库、中间件的安全风险评估与整改跟踪",0
237,"""1.	负责对海量数据进行分析和挖掘，发现有价值的信息并驱动产品、运营优化",2
238,负责丰农B2B系统整体的产品规划和功能规划；编写完整的产品需求文档，协助开发团队理解和掌握需求，对产品需求方向和易用性负责,2
239,熟悉JBOSS,1
240,"""1、配合研发业务代码上线版本发布，查看日志分析故障，系统环境配置。线上业务故障处理，线上业务与运维平台API接口对接",0
241,"""1、参与项目系统总体设计",4
242,"""1、根据公司业务战略发展需要，统筹规划全网场地（含各类分拨中心、仓配中心、冷库、营业网点等营运场地）的短中长期规划，协助和推动场地规划方案的落地",4
243,对技术难点公关，配合其他同事解决研发中、线上系统运行的问题,4
244,测试使用,4
245,"协调其它部门完成飞控系统相关的对接工作；""",4
246,"""1、负责无人机控制算法的开发和测试",0
247,根据产品开发需要，完成产品各部分设计的更新和修改,2
248,"""1、负责SAPHR模块日常运维工作，及时解决用户在日常使用过程中的问题",0
249,负责用户需求的挖掘、以及需求的收集及分析,2
250,"参与结构试验，无人机试飞，以及其他临时分配工作。""",4
251,模型结果的验证与落地方案制定,4
252,负责安全产品运营，对收集的安全产品日志进行分析，发现存在的潜在风险并及时推动解决,2
253,"""1、结合公司战略规划和愿景，负责制定车辆资源产品线的产品策略，明确产品路线图，对产品全生命周期进行管理",2
254,挖掘提升测试质量与效率的工具需求，并对工具进行开发及使用推广,2
255,"持续优化和迭代、确保代码的可读性、易维护性和可扩展性。""",1
256,系统规划，与产品人员进行前期调研和产品设计工作，编写调研报告和项目解决方案,2
257,能主动学习，能做好计划管理和进度管理,4
258,"""1、负责大数据Hive开发及数据建模",1
259,精通photoshop、illustrator、flash等常用设计工具，熟悉Html、JavaScrip和DIVCSS等技术，能编写扩展性、兼容性良好的页面结构,1
260,"负责ECP系统的需求管理及落地推广""",0
261,"""1、负责地区IT基础架构支持与管理工作",0
262,根据测试标准和规范、需求分析、用例分析等进行软件测试，能够保质保量按时完成测试任务；2、执行功能测试、性能测试、回归测试等日常版本测试工作；3、设计测试用例，对测试中发现的问题进行及时跟踪和反馈，分析和解决问题；4、完善测试标准和规范，保证软件的良好用户体验。通用技能：1、具备良好的表达沟通能力及合作精神2、具有工作主动性强，善于学习3、具有良好的工作态度和职业道德4、能承受一定的工作压力,1
263,"""1、负责城市内流程试点、验证工作",4
264,"简历、跟踪、维护测试工作的相关文档；""",1
265,负责核心代码的编写工作，并能带领其他成员完成项目的研发工作,4
266,对接UI设计、实现产品界面，与后台开发人员共同完成产品功能,1
267,为行业客户与公司系统对接提供全面的解决方案支持与IT资源协调,2
268,"研究性能测试方法和工具，不断完善性能测试框架，提出公司内性能测试工具和方法改进建议。""",1
269,"""1、信息安全事件调查，提交应用漏洞整改建议和跟进整改",4
270,"研究创新的开发思路和前沿技术，应用到团队产品中。""",2
271,"根据产品功能需求设计并完成软件实现。""",2
272,"""1、根据需求拆分测试点，编写测试计划、测试用例、测试结果等相关文档",1
273,引入新技术及框架，创新并持续优化现有技术架构标准,2
274,根据业务规划，配合实施门店新设备的引进工作，制订选型技术标准，执行选型测试、试点、推广和运行支持,4
275,负责公司相关软件的架构设计、改进、完善，性能优化,0
276,数据库数据整合、ETL及接口开发,1
277,"""1、可独立负责项目研发、运维、落地、推广落地等全流程工作，统筹项目的全面有序按计划的开展",4
278,负责车联网辅助驾驶平台和数据可视化项目的系统架构,0
279,"对流程设计、优化提出建设性建议。""",2
280,负责无人机调试和维护工作,0
281,"协调开发团队与客户，跟踪产品运营效果，形成产品分析报告并给出改进建议。""",2
282,"负责模型算法开发与改进""",1
283,负责产业园建设过程中弱电相关系统的大纲规划、需求提报、图纸审核等相关工作,4
284,"""有强烈的创作欲，充满好奇心",2
285,"突发事件应急响应""",4
286,"""1.负责公司相关系统开发，负责代码编写及代码维护，包括需求分析、功能定义、框架设计、实现、调试、测试",1
287,"""1.负责公司相关软件的架构设计、改进、完善，性能优化",0
288,负责HA架构规划和实施，操作系统整体调优和主动预防,0
289,负责相关网络设备、服务器、存储等设备的规划、部署、配置、调试和管理；负责对公司网点网络的维护与管理,0
290,搭建并维护持续集成测试环境,0
291,"深入跟踪竞对产品，并归纳分析壁垒，为业务规划以及决策提供参考；""",2
292,"""1、负责根据项目测试计划制订项目测试用例并实施，保证项目质量和进度",4
293,负责X86服务器全生命周期运维管理,0
294,"：能引导以及帮助部门内其他同事进行技术提升""",4
295,完善和优化算法，以技术驱动公司业务成长，体现技术价值；负责基于历史数据与实时流数据的分析与策略优化,2
296,"""1、负责项目中与视觉里程计/图像拼接/三维重建相关的算法研究和实现",1
297,"针对顺丰优选线上线下业务系统，提供功能支持和技术支持，承接各类IT异常并跟进问题及时解决，持续收集和挖掘优化点并推进系统改进。""",2
298,"""1、负责顺丰国际业务的应用运维工作，包括应用系统日常例检、监控、和主动预防工作",0
299,负责对全网地区IT提交的需求进行跟进并跟踪直到需求行到落地解决,4
300,人资领域的需求分析和产品设计（解决方案设计），出具相应的文档,2
301,"负责对相关技术文档，以及在研发过程中产生的记录性文档，进行拟订""",1
302,负责产品各功能模块驱动设计和开发调试,0
303,"""1、主要负责iOS应用程序的设计，能独立完成开发工作，至少开发过一款完整的iOS产品",1
304,熟悉多线程技术，并有相关开发经验,1
305,推动算法、研发、测试团队保证产品按时发布，并根据一线反馈不断迭代,2
306,制定各种项目管理计划，并监控追踪项目实施,4
307,"""1、负责产品定义、搜集和提出产品需求",2
308,"""1.调研和搭建适合海量数据的存储、统计、分析和深度挖掘的系统架构",2
309,配合前端开发人员进行应用及系统整合，积极配合UI设计师和产品策划人员研究并改善用户体验,2
310,"""1、	负责用户需求调研和行为分析，绘制产品原型图，输出PRD",2
311,"""1、负责公司业务系统网络环境及设备的管理、配置、排错、维护，提供网络设备维护方案",0
312,"，参与平台架构部的公共组件的设计与研发""",0
313,"新包装创新方向的提报和论证。""",4
314,负责SFSRC的漏洞审核、跟踪，并协助业务部门制定解决方案,4
315,"""（1）参与系统需求分析，进行概要设计和模块的详细设计",1
316,参与应用服务系统的整体规划、架构设计及优化等工作,0
317,"负责管理产品的体验，跟踪产品的体验效果，持续改善产品的用户体验，不断改进产品功能""",2
318,"""1、统筹H线项目管理工作，负责把控项目的过程、质量与汇报",4
319,在按照需求完成编码开发工作的前提下，能通过大数据量压力测试,2
320,洞察物流行业技术的未来趋势，规划出有竞争力的新特性、新机会点和前瞻性的场景化解决方案,2
321,"""1、根据产品需求，使用QT库，构建界面框架、完成界面逻辑",1
322,"完成网络规划模型所需的数据分析工作，负责运筹优化方向的算法研究和开发；""",1
323,进行供应链协同产品的规划设计，并对现有系统提出改进建议,2
324,"""1)根据产品的实际应用场景，进行调研和准确解读，完成产品的工业设计及独立提案，并将设计或者提案形成完整的文档",2
325,"""1.根据产品设计需求，配合后台开发人员实现产品界面和功能，维护及优化前端页面性能",1
326,"开发并维护相应的数据库操作文档。""",1
327,能够制定开发管理规范，并指导团队成员执行,4
328,"负责日常的运营活动及功能维护提供设计支持。""",0
329,"""1、运维顺丰全网Linux&unix操作系统，保障操作系统稳定、安全、高效",1
330,"主动输出并跟进各相关模块的问题及落地改善""",4
331,负责公司办公环境的软硬件和桌面系统的日常维护确保公司办公场地日常的正常运作的日常运维,0
332,"""1.对手机终端系统、网络、图形界面、UI框架以及网络交互有深入理解",1
333,负责Linux平台系统的安全管理,0
334,"""1，负责中间件平台，如：Jetty、Tomcat、Redis、Nginx/Openresty、Haproxy、Kafka、RabbitMQ等的日常运营",1
335,"""1.负责客户网站、专题等网页设计",1
336,负责处理系统整合过程中遇到的问题,0
337,对关键构件、接口进行设计，撰写系统设计方案,1
338,对机器人传感器信号进行处理，开发机器人环境感知算法和相关代码编写,1
339,"""1、负责建立数据运营底盘基础，包含数据内容规划（指标、纬度）、数据采集埋点规范标准制定等",4
340,熟悉Hadoop生态圈常用组件,1
341,"""工作职责：",3
342,"""1、负责同城产品运营支持，包括产品推广及推广运营监控工作",0
343,"负责自动化项目的验收及系统交付；""",0
344,"""1、	根据丰农战略业务定位，负责丰农B2B系统研发及运维管工作，为丰农商流工作提供系统支持，提升丰农服务运维水平",0
345,负责项目中协调各项目参与部门的协作和冲突，能及时发现并提示项目风险和问题，组织制定应对或规避方案至风险和问题的解决,4
346,"支持融合感知、规划控制、地图构建等相关模块研发工作。""",1
347,"""1、负责无人机控制系统的代码编写",1
348,能够推动企业内部职能部门流程优化的项目,4
349,参与鄂州枢纽项目弱电信息系统建设工作；包括设计、施工阶段的各项建设工作,4
350,"负责解决系统线上故障，负责优化业务和系统问题""",0
351,"""1、负责机房及服务器运维平台、工具的自动化开发",0
352,带领项目组内初级人员开展工作,4
353,熟悉Hbase，理解hbase理解Hbase的存储原理和存储架构,1
354,提升前端页面交互和使用体验,1
355,"负责项目开发的流程设计、模块整合、性能测试与算法优化等""",1
356,"""1、负责质量管理体系搭建",0
357,具备物流详情信息、数据的整合能力,2
358,围绕大数据在服装、快消、生鲜、3C等行业的应用场景，对行业、市场、用户及竞争对手等方面编制分析报告,2
359,"""1.统筹H线项目管理工作，负责把控项目的过程、质量与汇报",4
360,负责行业、竞品的相关研究分析,4
361,开发与完善内部自动化运维工具，提升运维质量及效率,0
362,，负责中间件平台的故障定位与异常处理,0
363,根据软件设计需求定制测试计划、设计测试数据和测试用例,1
364,"""1、对市场研究/销售管理/销售支持/价格管理领域软件有较深理解，有相关实际软件项目研发或实施经验",4
365,合理地引导业务的需求，给业务提供端到端的解决方案,2
366,"持续研究前沿技术并应用到产品中。""",2
367,工作内容包括但不限于航空资源与线路规划、干线资源与线路规划、路由规划，配载优化等,4
368,"""1、对于平台运营中拉新、留存、促活、转化，找出关键痛点，提出不断优化的设计方案",2
369,根据项目实际情况对项目成员提供相关敏捷实践的培训和指导,4
370,"""1、负责货圈全用户产品、商户产品、内部系统等核心系统的多渠道前端实现",2
371,"管理团队的发展规划和计划，制定团队/项目的管理工作，对团队成员进行考核激励。""",4
372,"规范和文档的编写、维护""",1
373,"""1.负责Android应用研发工作",0
374,"负责运维研发质量体系建设，可担当团队敏捷教练角色；""",0
375,"研究跟踪最新安全漏洞检测、评估影响并提出修复方法；""",4
376,开发合适的供应资源，及时整合供应资源,2
377,参与系统应急方案的定期演练，执行应急方案，提出优化方案建议,4
378,"能够持续地对产品进行性能调优""",2
379,"有良好的团队合作能力和学习能力；""",2
380,"负责公司大数据平台的规划、选型、搭建，以及平台的维护和优化,制定清晰的大数据技术路线图",2
381,协助顺丰科技完成各项IT项目或专项工作落实,4
382,"能快速定位并解决程序错误。""",4
383,案例(businesscase)编写，确保方案的可实施性及经济可行性,4
384,负责H线产品的需求确认、目标用户与干系人分析,2
385,"编写新产品导入所有相关技术标准文档；""",1
386,负责IT项目实施、故障调查、技术分析，并提供解决方案或建议,4
387,"""1.产品研发项目过程跟进",2
388,负责优化应急响应流程和突发事件的应急响应,4
389,负责应用日常监测、故障处理、参与性能分析与优化,0
390,负责模块设计，项目相关的技术文档的编写工作,1
391,参与系统功能验收工作及负责用户手册/新增产品功能培训资料的编写,1
392,负责总部数据中心机房运维及管理,0
393,"""1.产品需求挖掘及收集：负责内外部产品调研分析，根据调研结果，形成产品规划意见提出明确产品需求",2
394,负责应用运维平台建设，制定应用系统运维管理相关规范和制度,0
395,对接集团日常行政事务沟通，协调处理等，包括不限于场地、餐饮、清洁、安防等,4
396,"运用用户分析、数据分析等方法提升产品效果""",2
397,"能够主动结合全网基础架构的情况，提出符合信息安全的架构方案，并推动方案的落地实施""",4
398,"进行Android客户端技术和业务的探索性预研""",1
399,实施软件测试，针对后台服务和系统进行自动化、功能、性能和安全等方面测试,1
400,"""1、根据公司战略发展的需求，制定公司技术层面的发展规划",2
401,定期输出产品运营体检报告，协助相关产品经理推动落地优化改进措施,4
402,"组织指导业务开发团队，提升业务开发团队技术能力、技术标准、研发规范和研发质量。""",2
403,"前沿深度学习视觉算法的跟踪、实现与优化。""",1
404,"""1.	负责高性能、高并发服务平台的架构设计",0
405,参与项目的需求、设计、编码、测试等流程,2
406,"""1.负责可视化编程编辑器搭建和界面设计",1
407,"负责移动客户端开发团队的建设提升工作，指导团队内开发工程师，完成研发任务，提升团队技术能力和工作效率，帮助团队成长发展。""",2
408,负责相关行业线各类宣传材料的撰写，产品彩页、软文等,4
409,熟悉常用的数据结构和算法，熟练掌握Java、Scala，对JVM性能调优,1
410,根据公司IT规划，进行信息技术中心内部IT项目的过程跟踪和管控，保证项目的顺利进行,4
411,"""1、负责顺丰同城产品运营支持，包括产品推广及推广运营监控工作",0
412,熟悉Linux操作系统，熟悉Shell脚本编程及常用Linux系统管理命令,1
413,"负责解决产品中存在的技术难题，保证系统稳定可靠运行。""",0
414,"根据公司实际情况制定合理的敏捷推广策略""",4
415,负责系统及相关产品需求分析及架构设计，性能优化,2
416,"５、参与并跟进开源社区，进行开源技术的预研""",1
417,"""1.负责熟悉公司内部的研发框架，对个性化系统需求进行前后台系统研发",0
418,"产品开发过程中技术平台积累，包括技术规范、通用技术模块、经验案例、科技论文的撰写.""",1
419,"需求信息的记录、收集、反馈，技术文档的编写，系统使用指导。""",1
420,"平面印刷宣传类设计""",1
421,根据公司开发规范，标准，规范、严格地编写高质量、可维护的代码,1
422,技术文档、操作指引编写、对用户做培训和使用指导,1
423,"实施对系统的环境搭建、集成测试、系统测试、用户测试、性能测试,提交测试报告",1
424,编写底盘相关功能测试用例并执行相应测试验证,1
425,利用运筹学、大数据分析、智能算法等手段建立并优化场地规划的标准、模型和系统，提升场地规划工作的技术水平,2
426,"""1、负责相关业务系统技术支持",0
427,负责指导、处理、协调和解决公司项目中出现的技术问题,4
428,"根据业务需求进行CRM、BI系统开发和问题处理，包括系统界面、报表和数据间接口的集成；（如：ERP、CRM、PDM、MES、OA、HR等系统数据间的集成）。""",1
429,"""1.收集、梳理和分析企业内部用户或外部业务伙伴和客户（外部用户）的业务需求",2
430,"""1.建设业内领先的大数据平台，大数据解决方案",2
431,负责缺陷跟踪和管理,4
432,"""1、负责无人机（固定翼和多旋翼）的飞行测试工作",0
433,实施对产品的集成测试、系统测试、用户测试、性能测试，提交测试报告,2
434,"""1.	负责计算机视觉、模式识别相关项目的算法研发",1
435,"""1、有扎实的JAVA技术基础",1
436,"""1、负责业务系统生产环境审核，执行生产环境变更及发布实施，发布后协助用户对系统新功能进行验证",4
437,配合测试人员编写测试计划、测试用例、测试报告的编写、问题缺陷的发现及跟踪、产品用户手册编写等,1
438,负责项目管理的日常工作，包括进度、质量、风险及变更管理，及客户满意度提升等,4
439,"""1.负责流式数据处理的工程实现和落地，包括海量数据的计算、存储和检索",1
440,"自动化测试：能够熟练使用至少一种主流自动化测试工具或性能测试工具（Loadrunner/Jemter&Selenium/RobotFramework尤佳）。""",1
441,定期检查和分析全区所有IT软件硬件设备资产及配置标准，并提供相应的服务支持和优化建议，保证设备在各岗位稳定、高效的运行,0
442,"基于产品运营数据、用户行为数据的采集、监控和统计分析等，提出可执行的优化策略，制定产品的迭代更新计划。""",2
443,负责和相关服务商、合作方、渠道方沟通、谈判，推进项目的进行,4
444,"评审测试人员提供的测试用例，并配合测试人员完成测试工作，保证项目质量""",1
445,"""1、负责运维工具开发",0
446,编写测试用例并执行测试,1
447,配合业务需求，与其他业务系统进行接口开发,2
448,按照开发流程编写相应模块的设计文档,1
449,"处理用户IT问题并实现IT需求；""",2
450,负责机器视觉检测项目的算法设计和程序开发,1
451,"活跃的工作态度,有团队合作精神，对新技术有好奇心，能够主动进行技术钻研，并带动和提升团队技术能力。""",2
452,持续的优化和改进已有业务系统，进行日常需求维护和二次开发工作,2
453,对APP应用代码段进行重新架构,1
454,"""1、负责从视觉和操作层面对公司软件界面进行设计工作，根据产品需求，对产品的整体美术风格、交互设计、界面结构、操作流程等做出页面内容的设计、开发、及维护",1
455,对适合自动化测试系统编写测试脚本，实现自动化测试,1
456,"""1、负责无人机整机产品的新产品导入，对接研发和工厂",2
457,熟悉市场上资金类系统的最新发展动态，主动与供应商联系，了解功能与优缺点，结合我司实际提提供意见或建议,2
458,Analyzeandextractrelevantinformationfrombusinessdata/userbehavioraldatatohelpautomateandoptimizekeyprocesses,4
459,紧急故障外勤（现场服务器及网络维护）,0
460,负责涉及网点的IT专项工作推进和完成,4
461,对现有系统架构和数据模型进行改进优化，以适应未来业务量的发展,2
462,"""1、用系统化的方法分析业务变化趋势，为管理层决策和产品完善提供数据支持",2
463,通过数据对销售、BD、用户消费习惯数据进行深度分析挖掘。为BD、销售、物流优化提供深度的优化建议,2
464,结合产品特性，提出有效的运营策略及执行方案，对部分结果负责,4
465,根据业务需求完成产品的原型设计、交互设计和流程设计，产品需求文档、操作手册撰写等,2
466,进行设计规范的输出，并推动规范在整个项目团队执行,4
467,通过海量的数据实施用户画像、风险防控、文本挖掘、预测、时间序列等项目,2
468,编写APP需求开发文档,1
469,指导技术团队完成产品实现，并保证产品质量,2
470,负责产品量产支持和维护,0
471,实施对产品的集成测试、用户测试、性能测试，提交测试报告,2
472,负责招投标过程中，商务合同的审核，保密协议签订,4
473,有前瞻性的，敏锐的产品思维，产品方法论，产品实际管理及落地经验，关注行业发展，持续开展市场调研，敏锐把握产品行业动脉，聚焦用户痛点，高效实现产品转化,2
474,，负责中间件组件运维工具开发，进行自动化运维平台建设,0
475,"根据部门要求给图像拉框标点、添加描述信息等；""",1
476,，参与平台架构部的微服务架构设计与研发,0
477,"对地区执行中遇到的问题进行反馈并提出解决方案""",4
478,"部分软件功能模块设计和软件界面美化。""",1
479,测试执行：能够按照测试方案和用例执行测试工作，并能够遵照缺陷管理规范中的要求进行缺陷的管理、对缺陷的变化曲线及具体的缺陷类型的分布进行深入的分析，给研发员提出建设性的改进建议,4
480,"搭建控制系统平台，并进行算法核心代码编写。""",1
481,"""负责数字化产品APP的架构设计、开发",0
482,"基于海量数据和真实需求，使用人工智能/机器学习/运筹学等手段，为新产品开通决策提供技术支持。""",2
483,负责需求管理系统（JIRA）的运维：权限管理、需求流程配置、报表数据监控等,0
484,"支撑DDS同城业务推广，分析解决生产问题。""",2
485,"负责核心框架功能的设计和开发。""",1
486,"通过技术手段控制和优化成本，提升资源使用率。""",2
487,掌握常用设计软件，以及原型Demo制作工具，具有一定的用户界面设计能力,1
488,"制定模型在不同场景下的应用标准与使用指南""",1
489,"根据团队实际情况导入相关敏捷方法实践；""",4
490,学习和研究新技术以提高自动测试的效率和质量，组织兴趣小组，参与公司创新及技术预研项目,4
491,根据用户需求和架构设计文档按时完成开发工作，并保证开发的功能的稳定性,1
492,"负责撰写或审核公司信息系统的部分运维文档和管理文档，如系统安装、配置文档，系统维护手册，用户使用手册，FAQ，应急切换文档等；""",1
493,配合研发工程师样品的采购,4
494,准确把握项目目标和周期，与业务及开发部等合作部门沟通协调，推进项目的顺利进行,4
495,"""1、负责嵌入式系统的代码编写",1
496,"""1、负责上线安全测试、例行安全检查、渗透测试工作",0
497,具备良好的问题定位分析能力，负责解决系统的技术难点,0
498,负责相关业务的数据梳理以及流程优化，配合项目团队完善数据指标体系建设,4
499,解决客户在使用我司内部发件工具的的问题,2
500,"""1.依据产品需求完成高质量的Web前端页面开发和优化",2
501,产品包装的可行性分析与测试,4
502,跟进学习最新的无人机控制算法,1
503,"通过数据对销售、BD、用户消费习惯数据进行深度分析挖掘。为BD、销售、物流优化提供深度的优化建议。""",2
504,"必要时参与移动端产品的功能测试；""",2
505,参与设计和优化应用服务系统的监控系统、策略和实施；配置监控、日志等运维平台，实时监控线上业务情况,0
506,"""1、负责研究制定技术发展路线和移动架构",4
507,编写完整的产品需求文档，协助开发团队理解和掌握需求，对产品需求方向和易用性负责,2
508,"""1、	设计数据/仿真产品，带领团队完成产品研发和实现，负责产品的应用推广和迭代更新",2
509,"（3）参与并完成维护系统问题及故障解决，维护系统软件修改。""",0
510,"""1、主要从事无人机地面站软件研发工作",0
511,"""1、负责建设公司大数据平台，为公司用户提供稳定、易用的大数据平台工具和便捷、酷炫的数据产品",2
512,设计技能全面，对设计有热情，对设计趋势有自己的见解,1
513,配合后台开发工程师一起研讨技术实现方案，进行应用及系统整合,1
514,"探索深度学习等前沿技术在财务方面的应用；""",2
515,协助需求和研发部门对运营支撑系统的结构设计和数据展现,2
516,负责iOS企业和AppStore应用发布，了解产品关键词，能够根据用户反馈，持续进行产品优化,2
517,负责执行分布式系统的发布工作,0
518,负责企业需求管理工作，包括需求管理、需求分析、研发跟进、实施跟踪、上线辅助等相关内容,2
519,负责应用系统的监控部署，从系统逻辑、接口功能、业务功能等角度进行分析，深入理解系统应用，提升应用的稳定性，可用率，不断提升可运维性,2
520,"""1、统筹中心关键产品的运营监控体系建设",4
521,通读过mycat等数据库中间件产品源代码优先,1
522,定义车辆底盘相关功能需求以及验收标准,2
523,"负责为用户提供IT类技术咨询；""",0
524,梳理优化业务使用集群的流程及规范，使平台在资源利用、质量效益等方面均达到较高水平,2
525,定期收集内部业务需求和外部市场需求，评审并输出产品方案，制定航空物流产品解决方案或计划,2
526,，根据产品和项目特点，提出合理的自动化解决方案，并负责设计和实现自动化测试工具，提高测试效率,0
527,负责量产产品内置测试软件设计和开发调试,1
528,参与系统应急方案的定期演练、执行应急方案，提出优化方案建议,4
529,负责服务平台产品的研发和平台升级优化,2
530,负责公司区部、各个场地新建、弱电、网络设备、线路安装调试和故障排除,0
531,负责公司分布式业务系统的升级发布、日常运维,0
532,承接个性化业务工具的开发与应用；2、从客户以及经营的维度实施数据分析与挖掘，为大区经济圈提供IT数据运营分析支持；3、IT与业务融合需求的挖掘与有效输出；4、助力方案+项目落地以及个性化解决方案研究,2
533,"协助完成全球供应商流程管理及谈判，推动项目进展。""",4
534,精通SAPHR前台操作与后台配置,1
535,"深入了解货主和承运商的诉求和痛点，提出新的产品和服务需求，丰富平台产品和服务能力""",2
536,"产品的持续改进与优化；""",2
537,"""负责搭建公司授权审批管理体系，指导各业务部门开展授权审批管理工作",4
538,"""1、负责对本区基础架构设施，机房，分布式系统和网络筹建以及现有基础架构设施的每日检查",0
539,"基于市场销售情况，分析、判断各产品的生命周期及后续的跟进措施；""",2
540,负责地区网络运维工作支持与管理，负责与数据中心网络组共同制定符合全网地区的网络标准规范，并推动标准化工作的落地执行,0
541,对项目的全过程进行组织、协调和管控,4
542,负责梳理前后端系统的架构，负责对整个软件架构、关键构件、接口的设计，指导各开发小组人员进行开发,0
543,配合产品进行界面优化设计，提高产品美观和用户体验,2
544,"协助业务系统规划与设计工作，对应用架构和数据库系统提出合理建议；""",0
545,"""1、理解业务目标、策略，负责业务需求的调研、分析和确认",2
546,"推动质量管理工具的优化。""",2
547,"""1、对交互设计过程有深入的了解，可以独立完成整个设计过程（交互流程、角色模型等等交互设计方法能熟练应用）",1
548,根据产品需求，编写技术方案，实现业务系统编码和自测工作,2
549,负责跟踪项目开发、测试和实施进度,4
550,完成规定的版本研发，按研发规范提交最终成果,4
551,"""1、协助顺丰智能中转设备、工具的设计规划工作（含机械设计、电气设计、自动化控制等）",0
552,"""我们需要你：",4
553,"""1.参与产品需求、系统设计的评审工作，并提出改进意见",2
554,跟踪、监督需求开发的进度，参与新系统的测试与推广，跟进现有系统的使用情况,4
555,"""1、根据用户需求及业务流程，完成系统产品的功能设计，能够满足实际业务场景",2
556,"公司安排的其它工作；""",4
557,"""?	负责自动驾驶视觉感知任务开发",0
558,评审测试人员提供的测试用例，并配合测试人员完成测试工作,1
559,"关注和掌握物流行业物流详情的应用场景""",2
560,"负责各类测试工具的预研和工具平台建设。""",0
561,"上级领导交办的其他工作任务。""",3
562,根据产品提供的需求文档，评审需求及工作量，并保证开发的功能的稳定性。2.评审测试人员提供的测试用例，并配合测试人员完成测试工作。3.负责模块设计，项目相关的技术文档的编写工作。4.负责项目中主要功能的代码实现，同时参与后期的生产问题解决,1
563,"完成上级交付的网络设备和服务器设备的维护、测试、部署、管理。""",0
564,"部门内的安全知识和技能的培训与普及。""",4
565,"""1、负责产品维护敏捷开发和研发项目的项目管理工作",0
566,设计测试流程，分析使用行为及需求，收集反馈，不断对产品进行优化和改进,2
567,负责数据中心的容灾体系建设及年度演练工作,0
568,"无人机监控系统软件开发。""",0
569,能够全面掌握需求，及时处理项目成员对需求的咨询及疑问,2
570,负责机载航电系统的软件接口定义和硬件驱动开发,1
571,负责解决产品在各种浏览器及webview下的兼容,1
572,"负责App的性能优化。""",0
573,推动项目过程中有效的敏捷工程实践，通过教练或顾问的方式协助项目团队解决遇到的相关问题,4
574,"参与H线产品运营，负责监测、整理与分析系统运营数据，并给出优化对策；""",0
575,配合产品经理和UI设计师，研究并改善用户体验,2
576,能充分理解软件设计师提出的设计方案和计划,1
577,负责规划产品运营策略和方向，制定计划，推动计划执行并最终达成目标,4
578,"负责建立数据评测体系，对数据质量进行验证""",2
579,跟进并推动开发、测试等人员紧密合作，达成项目目标，协助编写测试用例和解决测试问题，制定上线切换方案,4
580,"""1、负责顺丰优选门店系统的产品定义、搜集和提出产品需求，并进行相关产品流程设计、功能设计和产品迭代",2
581,"""1、负责公司Android产品的架构设计、开发、优化等相关技术研发工作",0
582,负责产品的持续优化和运营，不断提升用户体验,2
583,对系统存在的问题进行跟踪和定位并及时解决,2
584,"""1、总体负责项目的测试工作，总体了解需求，并根据开发计划和设计规范编写测试计划、测试方案、测试用例、测试数据",1
585,带领团队对于业务数据进行分析，设计并应用数据挖掘相关的算法,2
586,"算法验证：能够有效验证算法模型的可行性，并不断丰富业务场景，优化算法模型""",1
587,制定产品说明书，对产品的设计、开发、测试、上线等过程进行全程监控,2
588,监控门店设备和软件运行状态，排除潜在风险，持续优化各类技术策略和标准，确保业务稳定开展,2
589,"""1、负责数据中心内部流程制度建设及优化",0
590,产品跟踪优化：收集反馈和新的产品需求，形成优化建议方案，推进产品优化的落实和相应产品指标的跟踪达成,2
591,负责为地区IT提供机房基础环境运维、X86服务器硬件相关技术支持,0
592,负责机房运维及管理工作改善及优化,0
593,参与技术难题攻关、组织技术积累、有较强的钻研精神，自学能力强,4
594,负责IT服务中心运维自动化、运营系统的开发与管理，打造可编程的基础架构,0
595,负责开发、完善运维内部系统及辅助系统，提升运维质量及效率,0
596,熟悉软件工程，对设计模式及UML有一定了解,1
597,"完成上级主管指派的其它任务。""",3
598,负责统计、汇总项目和相关工作报告，有效地组织召开相关会议，做好项目总体计划进度报告、阶段性汇报及关键里程碑的项目汇报,4
599,"负责服务平台集群式架构、部署方案以及监控""",0
600,负责研发组件化、模块化、平台化架构和设计，并进行不断设计和架构优化,0
601,"""1.负责公司内部所有相关行政事务，包括场地管理，座位规划；会议室资源协调等，办公环境监督等",4
602,参与算法架构设计及其在各个平台的移植和优化,1
603,"负责项目中主要功能的代码实现，解决生产环境中出现的各类问题；""",4
604,对项目进行风险评估，制定应对策略,4
605,负责信息系统对上、下游接口标准设计，输出上、下游对接标准API,1
606,"""1、负责客服系统前端架构设计、开发与优化",0
607,"架及运维；设备清单整理；""",0
608,负责运营数据分析和回顾并对整个网络进行优化,0
609,"负责U3D开发团队技术管理""",0
610,负责无人机电机控制器物料选型、BOM制定及其量产工作,0
611,"""1、负责企业办公客户端产品功能规划、设计和产品生命周期管理",2
612,负责与相关部门对接，制定和执行新产品、新功能的落地实施计划，确保产品高效投入外部市场以及内部业务体系,4
613,负责北京AI团队建设，技术研发管理；带领团队攻克难题，吸引更多优秀的人加入,4
614,"解决开发过程中遇到的技术问题，配合项目成员完成相关测试工作。""",4
615,团队配合，参与HTML5应用架构的设计和规范化工作，优化代码实现，提高产品性能,1
616,参与项目业务方案设计，能根据需求分析文档编制接口解决方案和开发说明书,1
617,"WorkasafrontlinesupporttoperforminitialdiagnoseinITrelatedissues,identifyrootcauses,coordinatew/relateddepartmentstocomeupandimplementresolutionswithrelatedparties",4
618,"提出新的产品思路，调整方向，打磨细节""",2
619,掌握工艺方案规划、机械设计等工作的专业知识技能,1
620,"负责WindowsServer运维管理自动化开发和支持工作。""",0
621,"有APP/Web网站设计成熟的项目案例，或有交互设计、UED经验者优先。""",1
622,对测试中发现的问题能够进行分析和定位，与开发人员、需求人员积极有效沟通，推动问题解决,2
623,"评审测试人员提供的测试用例，并配合测试人员完成测试工作，保证项目质量。""",1
624,负责高层设计，项目相关的技术文档的编写工作,1
625,带领并指导开发工程师进行代码开发/单元测试等工作，保证代码的健壮性、可读性、易维护性,1
626,根据产品提供的需求文档，评审需求及工作量，并保证开发的功能的稳定性。2.评审测试人员提供的测试用例，并配合测试人员完成测试工作。3.负责模块设计，项目相关的技术文档的编写工作。2.负责项目中主要功能的代码实现，同时参与后期的生产问题解决,1
627,负责研发中心的项目立项、结项等项目过程指导相关工作,4
628,"""1，参与平台架构部的大客户发件系统的设计与研发",0
629,"""1、参与软件需求的开发及评审，深入理解业务逻辑及运用场景，负责将软件需求转换成测试用例",1
630,具备良好的审美能力和手绘功底，具有较好的创作型思维和逻辑思维，所有设计的原创性需要达到90%以上,1
631,"规范文档的编写、维护，以及其他相关工作""",1
632,"""负责丰声大数据数据库搭建，数据表对接",0
633,熟练掌握分布式通讯、缓存/存储、并发编程、服务框架、性能调优.,1
634,测试执行：能够按照测试方案和用例执行测试工作，并能够遵照缺陷管理规范中的要求进行缺陷的管理、对缺陷的变化曲线及具体的缺陷类型的分布进行深入的分析，给研发人员提出建设性的改进建议,4
635,"协助顺丰科技编写系统应急方案，定期进行应急演练，执行应急方案，并提供优化方案建议""",4
636,"完成上级交办的其他工作任务。""",3
637,按照相关流程规范输出软件过程中的各种文档,1
638,负责需求调研、分析，统筹设计系统需求解决方案，推动需求的开发、测试和上线,2
639,"""1.统筹地区个性化需求的受理与评审工作",2
640,"完成领导交办的其他工作。""",3
641,（2）负责子系统/子模块功能的开发及测试,0
642,保证项目的正常进行，确保公司项目计划按时完成,4
643,"完成上级交办的设计相关事项。""",3
644,负责产品APP的架构设计、开发,0
645,做好鄂州枢纽项目信息系统的项目管理工作，计划制定、过程控制、资料管理等,4
646,针对公司不同产品的实际情况，对研发流程进行裁剪并监督实施,4
647,"""1、根据产品需求，进行需求分析评审、详细设计、技术文档编写",2
648,"预研前端技术方向，提高前端团队整体技术水平。""",2
649,"制定IT运维标准及流程管理优化""",0
650,"""1.	负责团队内多个项目进度节点把控，和资源调度",4
651,参与对供应链物流协同平台的产品设计，包括供应链计划、供应链执行、S&OP、订单管理、运输管理、库存管理等,4
652,参与模块设计、子系统交互、数据交换等业务无关基础架构设计,1
653,"解决各种疑难杂症,系统优化，帮助系统架构完善",0
654,"对地区执行中遇到的问题进行反馈并提出解决方案。""",4
655,定期针对特定产品案例，进行市场调研分析并输出反馈报告,2
656,"部门安排的其他任务""",4
657,"自动化测试：能够熟练使用至少一种主流自动化测试工具或性能测试工具（Loadrunner/Jemter&QTP/Selenium/Cucumber/RobotFramework尤佳）。""",1
658,参与整个产品的生命周期管理，根据用户分析、行业需求制定产品更新迭代方案，提升产品竞争力,2
659,"参与分享设计经验，提高团队的设计能力""",2
660,负责IT项目实施、公司内部系统安装，调试，维护；系统日常监控、数据备份、恢复；现场或远程解决公司内部IT问题,0
661,"""1.	负责研发项目的物料采购，高效支持研发工程师物料",0
662,负责策划线上/下活动，进行产品推广，不断加强商户使用粘性、同时激活新用户,2
663,，负责项目的测试方案制定，设计测试数据和测试用例,4
664,能制定技术标准规范，并高质量完成设计、开发任务,1
665,"负责解决开发过程中的技术问题。""",0
666,"Otherdutiesasassignedbysupervisor""",4
667,"""1.负责数据类测试工作，白盒测试、自动化测试，独立设计和执行设计用例，进行缺陷跟踪等",4
668,带领技术团队完成产品各模块概要设计和详细设计，提升开发效率,2
669,负责研究IT系统运维主动预防工作，如系统运行监控预警、系统运行预测评估、应用容量监控和预测，建立和实现系统运行主动预防体系,0
670,"""负责产品在iOS平台的客户端开发工作",0
671,对日常数据进行跟踪和研究，进行产品或功能上线效果分析，并跟进改进产品的体验完善,2
672,"""1.根据运营策略执行产品线上线下活动，推动产品应用落地",2
673,"指导与支持产品经理、业务经理设定目标，并检验是否达标。""",4
674,测试计划：能够对负责的测试任务准确的进行工作量的估算，以及制定较合理的测试计划,4
675,按照开发流程规范，进行项目编码开发、单元测试、集成联调测试等，确保质量,1
676,"跟进产品运维、迭代项目管理，确保目标达成。""",4
677,嵌入式系统软件测试或开发经验，3年以上（开发测试经验不必同时保有）,1
678,和技术组对接，跟进UI设计，推动项目上线,4
679,"""1、负责IT运维平台的建设，通过引进/自研等方式实现IT运维支持平台工具化、自动化、智能化",0
680,"""根据公司战略规划，开展呼叫中心",4
681,负责大数据产品的规划和实施，对产品进行可行性分析及设计，完成产品设计、编写产品需求文档、和各方进行有效沟通,2
682,"负责各类型场馆的触摸屏，多点触摸桌，互动墨镜墙等互动展项的程序编写，动态效果设计""",1
683,"""1、顺丰总部数据中心网络的规划、建设和运维",0
684,"""1.负责APP开发工作",0
685,"负责在项目推进过程中的跨部门协调沟通工作，确保产品及新功能能按时完成并高质量上线""",4
686,设计、开发高可用、高性能的REST接口，满足高内聚、松耦合、可维护等要求,1
687,"能积极与开发沟通，推进界面及交互设计的最终实现。""",1
688,"""1、负责部门产品功能规划、设计和产品生命周期管理",2
689,负责对个性化系统的数据库进行设计,0
690,开发敏捷相关课程,1
691,"""1、计算机或软件相关专业,4年以上工作经验，全日制本科或以上学历",1
692,试产跟进、试产总结、试产问题点改善，组织召开试产会议,4
693,负责投入产出分析，并根据分析结果完成设计提升改善，以推动方案的实施落地,4
694,协调开发团队及项目管理，日常进度跟踪以确保产品功能特性和交互符合产品需求文档的要求，同时根据行业发展和市场需求，制定产品中长期规划，有效整合可用资源，保证产品的可持续性健康发展,2
695,熟悉J2EE体系架构，熟悉java开源框架如Struts2、Spring、Hibernate、SPRINGMVC、MYBATIS等,1
696,能够制定需求管理计划，并严格监控，执行需求管理计划,4
697,负责制定设计规范，设计流程,1
698,精通Flash的编写以及ant编写环境下的scratch开发源代码读写能力(ant/Flex库),1
699,顺丰网络标准、制度、规范的制定和执行,4
700,日常主要负责华为核心交换机，防火墙、aruba无线网络设备、联想IBM服务器维护工作,0
701,有效地执行测试用例，提交缺陷以及测试报告,1
702,负责对销售人员的技能培训,0
703,负责toB工具类产品的交互设计，并对产品最终的用户体验负责,2
704,"""1、负责应用系统日常运维工作，包括系统的变更及发布审核、运行监控、事件响应及处理、用户服务请求，从业务操作、系统功能特性、接口逻辑等运用角度，对问题进行诊断及跟进解决",0
705,"完成上级交办的其它任务；""",3
706,"具有规范的代码编写习惯、良好的技术文档编写能力、流利的表达能力。""",1
707,能根据设计方案和计划进行编码实现，在进度和质量上符合方案和计划的要求,4
708,"""1.独立负责业务数据收集整理，搭建业务数据体系，结合业务对数据源进行深度诊断性组合、挖掘、分析",2
709,"负责核心产品（项目）业务系统的集成测试、系统测试、用户测试、性能测试，提交测试报告；2.负责核心产品（项目）业务系统的测试方案、测试用例的编写和评审，完成测试结果分析，并落实持续改进；3.掌握测试技术、测试工具和业务知识并进行指导、培训；4.能够及时反馈客户的问题,主动提升客户的满意度",2
710,"在某些项目中担当项目经理的角色管理项目范围、进度、风险等""",4
711,"负责组织技术研究和攻关工作，并负责组织和管理公司内部的技术培训工作。主要是完成数据平台之上各产品的开发""",4
712,负责数据仓库开发工作,0
713,参与全网数据中心的规划、设计和建设工作,0
714,新包装的工业化实现，及上市跟踪,4
715,"StrengthenCommunicationamongSFEU,OSRegionandHQincludingExpressBG/SFITcolleaguesondata/systemintegrationofEUrelatedprojects",4
716,深入研究电商WMS或OMS系统，发掘电商WMS或OMS产品应用需求。并与仓库运营及各业务条线紧密沟通，确定需求并制定相应的产品规划,2
717,对其他开发工程师进行技术培训指导,4
718,负责视觉相关功能算法的研究、实现和优化,1
719,"""1.负责顺丰科技运维团队的日常管理及运作",0
720,统筹设计及管理线上产品线、线下工具，实现线上产品与线下场景相互结合,2
721,能够独立负责完成App开发工作、熟悉iOS多线程、持久化存储、网络通信等开发；对用户体验、交互操作流程有深入理解,1
722,"对测试中发现的问题能够进行分析和定位，与开发人员、需求人员积极有效沟通，推动问题解决""",2
723,负责桌面相关系统或产品的流程、制度、操作手册制定与运维管理,0
724,对内、外部审计暴露出的重大风险和问题点，组织和推动各处室进行改进,4
725,负责公司网络的故障处理以及网络安全，网络质量及网络设备的监控,0
726,"负责自动化用例的编写和监控脚本维护；""",0
727,"""1.负责处理机器人感知方案的设计",0
728,协同其它部门完成输送分拣系统招评标工作，主导完成其中的技术标部分，及供应商细化方案审核,4
729,规划部门的自动化测试方向，负责自动化测试平台设计和开发工作，负责搭建自动化环境和框架,0
730,产品需求挖掘及收集：负责内外部产品调研分析，根据调研结果，形成产品规划意见提出明确产品需求。2.产品实施：负责原型设计、撰写需求文档，保证落实产品需求。跟进产品研发过程中反馈的问题，协调并提出相应产品改进方案。3.产品跟踪优化：收集反馈和新的产品需求，形成优化建议方案，推进产品优化的落实和相应产品指标的跟踪达成。4.产品持续运营：负责制定相关运营政策（如内容完善、活动策划、促销推广等），达成产品运营目标。5.协作支持：负责与关联部门职能协作，引导关联部门达成产品愿景,2
731,"""",4
732,针对新产品和新功能策划灰度用户测试计划，包括召集核心体验用户以及建立合适的测试过程,2
733,负责与业务部门交互沟通，协调研发部门、基础架构部门完成运维需求交付，并提供运维服务报告,0
734,"""1、负责办公场地机房、网络、服务器、办公电脑的日常运维",0
735,"""1、负责地区电商客户系统对接运维相关制度，标准，流程的落实与定期反馈",4
736,负责各类业务专项测试技术的研发和落地，有效提升测试的效率，高效保证版本质量,2
737,设计并开发相关的技术支撑平台,2
738,负责设计系统逻辑模型、数据模型和物理模型，并完成产品概要设计,1
739,"持续研究前沿技术并应用到产品中""",2
740,"""1.负责公司线上线下产品的视觉设计，包括线上APP，PC，小程序，线下的门店收银工具等",2
741,负责网络、机房、服务器相关技能的培训与支持工作,0
742,"""１、参与分布式对象存储、备份平台技术方案规划、设计、研发",1
743,负责设计测试用例，组织并进行产品测试，提交软件的测试报告,1
744,协调和推动业务、数据团队、将成熟的行业方案和应用案例沉淀到平台上，将产品和服务标准化输出,2
745,负责单板各功能模块驱动设计和开发调试,1
746,负责流程设计的推广支持工作,0
747,"完成上级交付的其他工作任务""",3
748,建立核心用户粉丝群，维护粉丝关系并协助产品利用该渠道进行用户调研和需求挖掘,2
749,负责Linux&unix操作系统自动化运维开发,0
750,"""1）快件分拣中心建设项目的工艺规划需求数据分析，工艺流程分析，工艺规划",2
751,"""1.	负责顺丰项目的H5前端设计和开发",0
752,安全检测策略和模型的开发设计,1
753,收集相关度量数据，进行针对性度量分析，定期出具质量监控报告,4
754,"参与系统平台开发进度计划制定，并配合后台开发人员实现前后台交互；""",1
755,负责供应商技术方案及详细设计的审核，,4
756,对公司内部剔除的IT需求进行初审，评估其需求品质及拖入与产出比，进行自助研发或上报,2
757,负责服务器的系统、应用运维工作，包括应用配置管理、系统监控、系统升级、系统安全、性能优化等工作,0
758,参与测试计划与用例、测试报告的编写，以及问题缺陷的发现及跟踪,1
759,"各产品易用性改进和界面技术优化""",2
760,"""1.Buildoptimizationmodelstocreatenew,scalablesolutionsforbusinessproblemssuchasscheduling,inventoryplanningandsupplychainmanagement(forecasting,planning,optimization,and/orlogistics)",1
761,"解决方案或实施文档（SOP,SOW等）编写",1
762,负责数字化业务Android/iOS平台功能特性开发和各类移动产品新技术预研,2
763,"""1、对接集团业务，进行需求调研，梳理控制需求",2
764,熟练掌握Struts、Spring、Hibernate等主流开发框架；后台，需要有实际使用经历,1
765,"对产品总的问题进行跟踪分析和报告，推动测试中发现问题及时合理地解决。""",4
766,维护业务数据模型，验证数据质量，保障数据完整和可靠,2
767,"""1.负责公司电脑端和移动端产品的UI设计",0
768,参与App架构设计，可独立承担模块设计并主导项目,1
769,"统筹协调所负责的项目，协调跨部门合作，推动业务、设计、开发、测试团队紧密合作，确保项目/产品按时按质完成；""",4
770,"""1.负责全栈产品（后台服务、接口、App、小程序、web等）的自动化测试开发和性能测试",1
771,能开发程序满足公司内部客户或客户个性化功能需求主，负责收集系统对接问题上报，分析需求可行性，协助需求部门完成需求的提交,2
772,"""1、按照工作计划，按时完成相关的设计、开发、单元测试任务",1
773,配合技术负责人进行系统总体方案设计,4
774,负责脚本编写及桌面小工具开发,1
775,"具有良好的团队意识和合作精神，擅于协调与沟通，能挖掘并引导客户需求""",2
776,带领项目组内初中级人员开展工作,4
777,优化质量管理标准和管理办法，并监控地区执行情况,4
778,与其它架构团队协作，对现有应用程序进行性能分析并提出相应的优化建议,1
779,"""1、本科及以上学历，计算机相关专业，三年以上JAVA开发经验",1
780,负责监控资金系统应用情况和软硬件的风险自查工作，满足外部监管及内部风控要求，确保安全合规,4
781,熟悉常用友盟，支付宝，微信，高德地图，极光推送等第三方,1
782,定期根据产品的核心数据进行分析，持续完善和优化已有产品功能,2
783,参与产品的设计，代码开发，应用自测和bug修复工作,1
784,"""1、协助销售完成客户开发工作，为客户提供专业解决方案，为销售提供专业技术支持与指导",2
785,负责运维主动预防工作，从应用系统架构、监控、容量、性能等方面进行分析以提前发现隐患问题，并推动优化解决，不断提高系统运行稳定性,0
786,推进线上重点问题的解决,4
787,"按时完成上级交办事宜。""",3
788,负责无人机的组装、调试和维护工作,0
789,"""1.	负责自动驾驶及车联网应用的产品研究、规划、定义、设计和完善",0
790,跟进市场调研分析，确定公司在市场运作上的主要策略并监督实施,4
791,组织进行业务需求研讨与分析工作，并形成业务需求基线,2
792,"负责使用常用数据分析及数据挖掘算法（时间序列/timeseries,分类/classification,聚类/clustering,文本挖掘/textmining,自然语言/NLP等）来改进或重新设计核心的运营步骤",1
793,"完成领导交办的其他各项工作；""",3
794,"负责对个性化系统的数据接口进行开发。""",0
795,"""1、与客户或业务部门沟通合作，推进数据在实际业务场景的应用，并提供数据解决方案",2
796,负责速运通APP项目安卓端开发2、负责定位并解决现有软件存在的问题3、按照项目计划按时提交高质量的代码完成开发任务4、规范和文档的编写、维护,4
797,"参与产品系统解决方案设计，确保产品方案与系统设计以及业务需求的相容性和一致性。""",2
798,"""1.对业务的成本模型和定价模型进行优化",2
799,建立健全客户关系管理系统，维护客户管理,0
800,负责Linux&unix操作系统开源工具引入及二次开发，包含类似Jumpserver、ansible、ELK、BT、pacemaker、oswatch等等,1
801,负责办公场地系统相关文档编写、用户培训和使用指导，受理用户事件和服务请求,0
802,"根据市场需求及公司定位制定本部门的市场营销策略以及规划，结合行业和社会热点进行市场推广，建立和保持良好的品牌形象和声誉。""",2
803,"进行数据分析和可用性测试，评估产品上线后的效果，并提出用户体验改善计划。""",2
804,负责制定软件测试计划，测试方案、用例的设计，测试环境的搭建和测试用例的执行,1
805,"掌握常用电气信号测量仪器的使用""",1
806,负责协助采购寻找供应商资源，并将方案转化成测试样线，完成可行性技术评估,4
807,"推动各部门的数据化运营,并组织数据产品和工具的培训。""",2
808,"""岗位职责",3
809,"负责版本生产发布准备、生产发布验证，并持续跟踪生产运行情况；""",4
810,"在按照需求完成编码开发工作的前提下，能通过大数据量压力测试。""",2
811,负责新大型场地筹建IT支持,0
812,"完成大数据平台的搭建与数据维护""",2
813,对所负责的产品线进行日常数据跟踪，定期分析产品效果，跟踪用户行为，并不断进行产品优化,2
814,"各类团队数据汇总及汇报。""",4
815,能够很好对接研发部并保证产品开发落完美视觉呈现,2
816,协助测试人员完成软件系统及模块的测试,1
817,"注重学习和积累，追求卓越；""",2
818,"""1、制定或更新项目计划，信息技术项目，包括项目目标，技术，系统，信息规范，日程安排，资金，和人员编制等信息",4
819,测试方案及用例设计：能够根据产品需求进行功能方面测试方案及测试用例的设计,2
820,负责公司项目和产品的需求调研和需求分析工作，撰写《需求调研报告》、《需求规格说明书》，从用户体验的角度出发，分析用户的操作习惯和偏好,2
821,"负责在项目推进过程中的跨部门协调沟通工作，确保产品及新功能能按时完成并高质量上线；""",4
822,负责制定H线产品功能及版本规划，设计，撰写详细的产品解决方案及原型设计文档,1
823,基于用户体验和业务场景，产出产品功能设计，推动业务流程优化升级,2
824,"有进程/多线程编程经验,熟悉Socket网络编程、文件流操作，熟悉TCP/IP，HTTP等网络协议",1
825,能够主动挖掘客户需求，结合业务找到痛点并形成解决方案,2
826,熟练掌握Axure、UIDsigner的使用,1
827,"参与HR系统相关项目建设与支持；""",4
828,２、负责分布式存储平台的运维、升级、排障与性能调优,0
829,"跟踪业内最新的安全漏洞和技术，制定漏洞预警和解决方案""",4
830,与研发团队沟通、协调，以确保产品功能特性和交互符合产品需求文档的要求,2
831,"""1、编写代码实现产品功能，完成项目开发、撰写相关文档，参与需求分析",1
832,具备良好的问题定位分析能力,2
833,协助测试人员完成系统功能测试及问题修复,1
834,参与研发部门技术评估、技术积累、技术难题解决等工作,4
835,能够进行或指导团队成员解决项目中的技术难题,4
836,负责制定项目开发计划并跟踪进度，确保项目如期完成,4
837,，设计与执行测试用例，跟踪定位产品软件中的缺陷或问题,1
838,"熟悉当前互联网的各种流行应用，在交互开发、用户体验等方面有自己的见解。""",1
839,"推进相关材料整合，进行数据分析，协调相关人员进行数据报告输出""",4
840,"""1、负责运营支撑平台、运维自动化平台及其组件的设计和开发",0
841,"负责自动化测试开发人员培养和知识积累，负责协助自动化测试团队建设。""",0
842,可在复杂的约束条件下找到平衡，给出最合理的交互解决方法，并推动方案的落地,4
843,"""非标自动化设备方案设计，传动及驱动系统设计等",1
844,"协助产品推广传播渠道的管理运维，建立运营渠道管理规范及流程等。""",0
845,按照过程管理，负责项目单元测试、功能测试等,0
846,负责在项目管理中定义和推行开发/测试/实施流程，保证过程的质量,4
847,与运营/IT团队紧密合作，设计并优化产品前端用户体验、转换率、后台促销系统、推送系统等方面的需求,2
848,参与用户研究及交互的方案讨论，主导项目的视觉设计工作，并持续优化设计上的细节,2
849,"""1、负责服务集群的设计与搭建配置",0
850,根据业务需求能独立完成需求分析、方案设计、模型设计、代码编写开发等工作,1
851,负责桌面操作系统镜像制作、测试和版本管理,0
852,指导、安排需求调研、分析、跟踪、变更工作,4
853,"""1、负责客户需求调研及需求反馈的分析，根据概要需求（客户及内部需求）编写详细需求规格说明书",2
854,项目人员分配的职务，责任，以及各方面资源的协调,4
855,负责健康检查，确保数据完整性,0
856,与运营/IT团队紧密合作，承接产品后台使用功能及前端用户体验设计并迭代优化等方面的需求,2
857,负责包装实验室品牌推广、企划工作，建设和发展部门文化、管理文化,4
858,负责合同管理，合同履行情况管理,4
859,参与系统维护和现有软件产品升级，快速定位并修复缺陷,2
860,"""1、完成线下体感互动项目及现场互动项目的需求与开发",2
861,"""1、结合COBIT、ISO27001、ITIL、CMMI等IT内控标准及最佳实践，参与公司IT内控体系的建立与维护",4
862,"""1、使用基于大数据的机器学习算法，对顺丰的海量数据进行处理，发现复杂行为背后的规律，并提供解决方案",2
863,负责对事件进行统计分系，及相关制度流程工具的开发与优化,4
864,"""1、负责公司Hadoop/Hive/Spark/es/实时计算等开源平台的架构审核、运维保障、容量规划等工作",0
865,"对软件产品及相关技术有强烈的责任心，求知欲；有项目开源经验更佳。""",1
866,配合进行版本生产发布、验证，并持续跟踪生产运行情况,4
867,参与重点产品的项目重点、难点的技术攻坚,4
868,对信息技术特别是互（物）联网、电子商务在产业地产行业发展进行前瞻性把握，并迅速应用于产业园,2
869,负责产品培训和技术支持,0
870,负责针对特定的顺丰核心业务需求，基于大规模用户数据，进行数据挖掘和分析，并反推业务逻辑，提出改进建议,2
871,负责组织、协调与产品研发相关的各种资源，并对开发结果进行验证，实现产品的上线目标,4
872,协助开展信息安全事件的调查和整改,4
873,协同运维、运营等团队，对线上产品进行优化、调整和升级，根据用户反馈及日常数据分析，完善产品功能，提高用户体验，优化运营、运维效率，提升产品关键指标,2
874,负责收集客户反馈，发掘用户痛点，进行需求管理工作，包括需求管理、需求分析等相关内容,2
875,"平台的搭建与数据维护""",0
876,负责整个产品团队的建设及管理，保持产品与相关业务部门的紧密联系，确保平台项目按时完成和上线,4
877,负责指导研发工程师详细设计和开发,0
878,统筹地区需求的研发过程管控,2
879,"需求信息的记录、收集、反馈，技术文档的编写，用户配需、系统使用指导。""",1
880,将规划需求转化为方案实现，完成快件分拣中心物流输送系统和分拣系统（含自动化）的方案设计,2
881,负责客户处投放热敏打印机安装调试,0
882,负责数据库性能监控与优化，故障处理与灾难恢复,0
883,"""1、负责深入理解业务的需求、场景、后续发展方向，进行项目需求分析与规划，并对于项目的推广、实施交付进行全程跟踪",4
884,负责与产业园相关的IT专业硬件设备的需求承接和解决方案的制定,0
885,对UI设计过程熟悉，充分理解各类产品的设计要求，熟练掌握图标设计技能与交互界面设计技能,1
886,组织拟定年度信息化工作计划及预算，并对接集团IT部门，协调相关资源，保证信息化工作有力支持到产业园运营中心的业务开展,4
887,负责服务运行异常故障排查处理,0
888,开发并维护数据库架构体系,0
889,负责技术架构设计、重构、优化，根据业务和技术规划制定基础架构方案,0
890,负责为项目提供概念设计方案，配合团队高效完成系统化的设计方案，并推动方案的落地实施,4
891,对项目组成部分或模块进行完整系统设计,1
892,负责对事件进行分析、预警、升级,0
893,"负责完成上级交付的其他工作任务""",3
894,指导协助同事解决日常工作中的问题,4
895,完成软件用户体验、性能、功能等方面的改进及提升工作，并交付合格产品,2
896,"""1.管理公司数据库，保证数据库集群系统的稳定、高效运行",0
897,负责涉及场地的IT专项工作推进和完成,4
898,管理ODM/OEM合作项目，协调开发进度并满足质量要求,4
899,系统疑难问题解决,0
900,参与支持产品中后期的结构设计、研发以及批量生产过程中工业设计相关事项,4
901,"""1.负责大数据应用部AI算法的落地和产品化",2
902,统筹流程的变革、基于未来发展、创新的改变现状,2
903,"""1按照公司的流程进行用户需求分析，并能针对需求做出架构设计及高层设计",2
904,"持续研究了解国内外先进的数据科学方法及技术，发现顺丰大数据背后的特征规律和商业机会。""",2
905,"""1、设计测试方案、测试用例，记录并协助定位缺陷，跟踪缺陷并完成回归，总结测试过程，编写测试报告",1
906,机房的UPS、空调、服务器、存储、交换机、防火墙等设备的日常巡检及报修；服务器、存储的部署管控，布线管控，设备上,0
907,"SDK封装""",1
908,"参与到大数据平台对内、对外的需求整理、分析，产品设计、项目管理工作。""",2
909,应用模型成果，部署、跟踪、监控模型表现，根据监控结果进行模型优化，达到模型准确率要求,1
910,"""1.负责顺丰项目的前端技术选型与方案落地",4
911,"""1、负责系统的模块设计，编码和单元测试等",1
912,定期进行市场信息的收集和整理以及分析工作，提出合适的市场推广创意,2
913,负责IT系统重大故障处理及疑难杂症的分析与推动解决,0
914,面向用户提供应用系统技术架构评审服务，出具相应技术方案并确保架构规范的执行,4
915,"""1、负责产品PC端、移动端前端开发，与后台工程师协作，完成数据交互、动态信息展现",2
916,负责系统应用及架构优化工作跟进,0
917,"""1.承接公司个性化项目的开发与管理",4
918,负责软件模块设计、编码与测试，并编写相关的技术文档,1
919,具有扎实的Java开发能力，熟练掌握Eclipse、Myeclipse等开发工具,1
920,负责产品及经营数据统计，并通过分析，以数据展示，对产品效果及经营策略提出建设性建议,2
921,监督系统的研发进程，负责评审开发人员的开发结果,0
922,"""研究开源虚拟化软件源码并文档化",1
923,"定义产负责方案/产品的成本模型，以及方案/产品/需求的报价""",2
924,"""1、	承接个性化业务工具的开发与应用",2
925,"""1、管理机房规划组日常事务",0
926,熟练掌握设计模式,1
927,负责相关业务系统事件处理,0
928,负责主动与业务部门沟通，深入了解集团资金业务，统筹集团资金类系统规划,4
929,"负责跨部门沟通合作，负责，负责产品运营推广中相关组织和机构的开拓、联络和协调等。""",4
930,"""1、制定项目管理计划，明确项目目标，范围，组织结构，里程牌，了解变更/风险/沟通/进度/质量/配置等管理方法",4
931,"""1.根据实际项目要求主导开发各类自动化测试工具，编写自动化测试用例及框架",1
932,"""1、官网、活动H5开发和维护",0
933,根据项目需求进行软件的设计和研发,2
934,负责研发成品的功能测试,0
935,负责专送组C端产品的前端，后端，运营管理系统的研发,0
936,"""1.根据需求在Android移动端进行应用开发、维护",2
937,负责业务系统日常运维，按时效要求受理外部客户或内部用户的异常报障、服务请求或业务咨询，为业务运营技术支持；按流程处理生产异常问题及系统突发故障，跟进问题处理状态及推送问题解决,0
938,根据物流业务特征，完成数据分析方案，以数据为依据设计产品需求,2
939,"处理研发打样质量及其他售后问题。""",0
940,"""1、精通Jstorm、SparkCore,SparkStreaming、SparkSql中的一种，能对jstorm、Spark的生产问题快速排除、对Jstorm、Spark进行性能调优",1
941,负责实施跟进及进度效果监控，包括设计和开发的跟进配合,4
942,负责制定同城推广策略，建立有效的分析，保障产品落地,4
943,对新型试点的业务模式，时效、成本、资源利用、信息质量进行管控,2
944,参与项目计划，能与研发、运维团队进行良好的沟通协作，确保项目顺利上线,4
945,市场IT技术研发,2
946,"""1.负责机器视觉方案的设计",0
947,推动业务、设计、研发各方，确保产品的上线时间与质量,2
948,"跟踪视频语义理解领域的前沿技术；""",2
949,跟进并处理系统事件，对系统问题及故障解决跟踪优化，负责服务状况与服务质量报告，不断提升集群服务质量,2
950,"""1、负责智能产品和自动化机械结构、设备五金及塑胶结构设计，生产图纸出图",0
951,"""1、负责桌面计算机软硬件安装、配置、升级、运行维护与管理，接受用户得故障上报，记录每天维护的日志和故障报告；保障桌面系统正常运行，满足日常工作的需要",0
952,"解决项目中的关键问题和技术难题。""",4
953,参与设计WEB前端架构及应用,1
954,处理采购寻源，比价，议价，订单，交付及付款工作,2
955,负责IT服务中心运维研发团队管理，培养研发人员专业技能与素养,0
956,系统开发测试、部署和集成,0
957,"""1、主要负责iOS应用程序的架构及开发工作，针对iOS程序业务要求进行技术选型",1
958,"""1、负责大当家商城前端的产品规划、功能规划",2
959,"""工作职责包括但不限于：",3
960,负责编写系统的部分运维文档和管理文档，如系统安装文档，系统维护手册，用户使用手册，FAQ，应急切换文档，系统标准化文档,1
961,"""1、深入了解和学习航空行业相关系统的业务理论和技术知识，并参与相关系统的系统的架构设计及核心编码工作",1
962,进行数据研发和分析，支持业务优化、监控和考核,2
963,分析业内优秀客户支持方案，配合行业解决方案处梳理目标行业客户的信息管理需求，提供技术解决方案,2
964,按需规划场地产能，优化场地内部功能分区及操作流程，提升场地及设备的利用率,2
965,关注业界最新技术动态，结合公司业务引进新技术实践落地；主导完善通用组件、达到技术积累和IT资源高效利用,2
966,全面统筹协调执行市场推广方案，并监督执行过程，并对推广方案的落地效果进行跟踪与分析,4
967,负责软件界面的美术设计、创意工作和制作工作，根据各种相关软件的用户群，提出构思新颖、有高度吸引力的创意设计,1
968,"""1、管理",0
969,负责与产品项目、美术、测试等其它团队的主要沟通，合理安排开发计划，保证项目的正常进行,4
970,"""1、负责客户需求的访谈调研，根据客户需求编写需求规格说明书，产品设计、Demo制作，并编写相关报告与解决方案，并持续对变更进行跟踪与管理",2
971,参与数据产品的研发，助力数据商业价值的发掘,2
972,"""1、根据市场以及工作具体需要进行市场推广活动的策划并制定具体的活动方案",4
973,"""1、与需求方，交互设计师以及后台开发人员协作",1
974,"编写安全、高性能、高可靠性的C++程序；""",1
975,负责指导制定、审核公司技术管理制度和技术规程标准,4
976,"""1、评审业务需求，输出可描述的数据含义解释，负责顺丰核心业务的日常数据分析工作",2
977,"针对生产问题事件，快速响应支持，进行问题定位、修复解决；""",4
978,"自动化工具的开发、使用及改进；""",1
979,"""1.负责规划、设计、建设和维护公司的网络系统",0
980,"推进算法更新优化，提高算法系统的可靠性和效率""",1
981,"""岗位职责：",3
982,根据产品用户生命周期及运营目标，多维度分析用户产品使用数据，并制定执行“拉新、促活、留存“运营措施，提升产品市场有效使用率,2
983,跟进设计效果最终在产品的实现，根据不同需求和信息提供不同的UI设计界面，同时保证设计品质与实现品质一致,2
984,负责各类业务的流程优化、需求细化,2
985,"""1、根据公司产品战略及业务需求制定航空货运IT产品规划，对产品进行持续的优化和改进，不断提高产品的用户体验和运营效率",2
986,"""1.负责公司质量管理规范的执行和持续改进",4
987,参与并主导大数据平台工具链的设计、开发以及后续维护,2
988,定期实施IT风险评估，协助存在风险的处室进行改进，确保控制活动的设计与执行有效性,4
989,"""1.根据负责APP的开发工作",0
990,"""负责顺丰产品及垂直产品前端研发",2
991,"负责可视化编程积木（ScriptBlock）的可视化实现；""",1
992,"小程序开发，及相关平台的开发和维护；""",0
993,"""1.根据产品提供的需求文档，评审需求及工作量，并保证开发的功能的稳定性",2
994,"""1、制订优选门店IT设备和软件安装配置标准和安装指引，指导和协调地区IT按计划完成新店安装和验收工作",4
995,"""1.机器人运动及控制算法建模、设计与开发",1
996,熟悉数据库编程，有Scratch数据库交互编程经验的优先考虑,1
997,对完成的页面进行维护和对网站前端性能做相应的优化,1
998,"解决项目中技术难题，参与系统稳定性、性能和扩展性测试。""",2
999,整理和分析客户和合作伙伴的需求，对其分类汇总和实现预估，提出需求分析报告和实现计划要求,2
1000,负责运维研发质量体系建设，可担当团队敏捷教练角色,0
1001,对接开发、测试、设计、业务团队，跨部门合作确保产品从设计、开发到上线的保质保量完成,2
1002,"组织项目团队完成项目任务，保证项目的完成时间和完成质量""",4
1003,"""1，负责系统代码的测试工作，制定项目测试方案，计划并实施，保证项目质量和进度",4
1004,"""1、根据业务目标、服务平台、产品定位和用户需求，提出产品策划方案",2
1005,对地区执行效果进行持续监控与管理,4
1006,产品的迭代更新工作，对产品运营数据进行监控、统计和分析，收集用户意见，产品业务逻辑修改、用户体验改善、各操作流程优化，最终制定产品的迭代计划,2
1007,"各热线服务功能稳定运行。""",0
1008,"""1、利用AI和机器学习算法解决物流应用问题中的痛点和难点",2
1009,"""1、负责批量大数据平台搭建、发布部署及相关变更工作",0
1010,"""1、主导开发U3D虚拟场景产品，把握项目核心技术架构，关键技术演进方向",2
1011,负责系列产品的维护和持续优化升级,0
1012,测试执行：能够按照测试方案和用例执行测试工作，并能够遵照缺陷管理规范中的要求进行缺陷的管理，给研发员提出建设性的改进建议,4
1013,"""1.	产品调研，选型，寻找供应商",2
1014,不断优化用户体验和产品逻辑，并结合线下场景及市场反馈情况，有效地丰富和改进产品,2
1015,汇总各个业务部门的需求，梳理产品需求，负责产品文档与最终品质,2
1016,环境的搭建及部署：能够按照环境搭建手册对测试环境进行搭建和部署,0
1017,管理项目的执行，以确保遵守预算，时间表，和范围,4
1018,"进行ios客户端技术和业务的探索性预研""",1
1019,根据需求负责开发、完善内部运维系统及辅助工具，提升运维质量及效率,0
1020,IT项目性工作承接，保证项目顺利推广,4
1021,统筹完成财务公司业务系统的服务器、网络、安全等设备的运行维护工作,0
1022,制定实施计划，包括如成本效益或对投资回报率（ROI）分析,4
1023,参与系统运维，分析并解决系统在运维过程中出现的生产问题,0
1024,"懂docker、虚拟化技术的优先。""",1
1025,"""1、执行和反馈本部或经营本部的各个新、旧系统上线或升级工作，并推动实施",4
1026,自动化工具的开发、使用及改进,1
1027,"""1.	熟悉产品从业务调研、需求分析到实现过程、产品发布的整个流程",2
1028,具备激情、敏锐的观察力、分析和创意能力，思维严谨，善于发现并理解业务需求,2
1029,"Implement&OperateCorporateStandardITwhichincludesbasicnetwork,clientset-up,domain,emailset-up.WorkwithHQtoset-up/maintaincountryITinfrastructureifrequired",1
1030,"参与产品运营活动相关的策划（非核心职责）。""",4
1031,"""1.一年以上Android开发经验，熟悉AndroidSDK，并且开发过1－2款成熟产品",1
1032,负责需求管理工作，包括需求管理、研发跟进、实施跟踪、上线辅助等相关内容，监控在实施项目的重大里程碑是否符合预期项目进度、产出物是否符合要求,4
1033,产品样机外协加工、组装调试验证及改进,1
1034,对SAPHR模块中组织、人事、考勤、薪酬等业务事件及问题进行处理,4
1035,协同架构师解决项目开发过程中遇到的技术难题,4
1036,，参与平台架构部的Argus云平台的设计与研发,0
1037,"按照具体需求独立完成开发工作，优化系统性能和稳定性。""",2
1038,"""1、全面负责产品的整体实现过程",0
1039,负责日常大客户运维保障支持（重点客户、高峰期）,0
1040,"负责产业园日常运营过程中IT硬件设备的故障处理和日常运维、巡检等工作。""",0
1041,"在有限资源条件下，制定产品规划计划，并进行产品全生命周期管理，定期总结用户问题与推广经验。""",2
1042,"""1.有iOS、Android客户端整体规划与产品设计能力，对产品整体的用户体验和转化率负责",2
1043,"""1.协助研发经理完成技术决策，技术选型、技术风险评估，完成关键路径的代码编写",4
1044,"提升产品用户满意度和优化用户体验的一切相关事宜。""",2
1045,负责IT项目实施、公司内部系统安装，调试，维护；系统日常监控、数据备份、恢复；现场或远程解决公司内部IT问题。,0
1046,"协助顺丰科技完成各项IT项目或专项工作落实；""",4
1047,负责调研、分析，负责医药系统整体功能的策划，输出系统整体需求,0
1048,熟悉Scratch源代码开发环境的搭建,1
1049,项目实施团队协同，确保项目顺利实施,4
1050,负责地区IT基础架构支持与管理工作,0
1051,根据要求和规范编写各种开发文档及项目文档,1
1052,"""1.根据负责AndroidAPP的开发工作",0
1053,"完成上级交付的其他工作任务；""",3
1054,根据公司系统架构，对产品进行持续的优化和改进，不断提高产品的用户体验和运营效率,2
1055,三、负责客户开拓、管理和维护,0
1056,"跟踪关键数据上报，为核心业务产品迭代提供数据化分析的方法论以及数据支撑。""",2
1057,组织拟定信息系统安全目标、策略、方针及实施计划,4
1058,"""1、负责分析用户需求",2
1059,"完成上级交代其它专项工作""",3
1060,负责资金类系统建设项目的全过程管理，包括制定项目计划、协调项目资源、把控项目风险、保障项目按计划顺畅落地,4
1061,不断学习数据技术，使用新技术高效完成任务,2
1062,负责用户现场方案讲解，并根据用户需求、遗留系统和外接期望，设计整体方案,2
1063,引导关键的敏捷会议,4
1064,"""1、运用数据挖掘和机器学习方法和技术，深入挖掘和分析海量商业数据",2
1065,负责操作系统内部测试及维护工作,0
1066,"""1、参与需求分析，负责系统的架构设计、模块设计和核心编码",1
1067,"""1、独立完成软件项目的系统分析、设计，主导完成详细设计和编码任务，确保项目的进度和质量",4
1068,"现有公司微服务框架及其配套平台和支持和推广。""",2
1069,"其他主动预付相关工作。""",4
1070,"""1.负责公司相关业务系统的事件处理：在ITSM系统上响应用户上报的事件、咨询或故障，根据事件内容，进行跟进、转派、关单等操作",4
1071,良好的编程习惯，追求代码完美，熟练掌握IOS平台下代码优化、性能调优工作,1
1072,参与负责项目代码质量风险评审，提前进行版本风险应急准备,4
1073,"负责H5页面兼容、优化""",1
1074,"上级交待的其他任务。""",3
1075,"""1、能够独立完成软件界面及LOGO设计",1
1076,支持外场测试和飞行演示等工作,1
1077,制定市场调研计划，负责组织公司和竞争对手产品市场销售情况的调查工作，综合客户的反馈意见，定期撰写市场调查报告，为决策层提供参考,4
1078,"能按时完成上级交代的工作任务""",3
1079,撰写详细的产品需求文档及原型设计文档，跟踪产品研发进度,1
1080,编写知识库等相关运维文档；对现有系统操作存在的问题进行总结并提出优化建议,1
1081,熟练掌握mysql数据库开发，可以书写有质量的数据库程序,1
1082,应用机器学习、分类聚类等相关技术，针对海量信息建模，挖掘异常数据，发现异常行为和异常用户,2
1083,"较强的责任心、团队合作和解决问题的能力。""",4
1084,"""1、	负责指挥部项目管理平台的需求调研、系统建设及运维工作",0
1085,负责针对业务及产品部门的数据分析相关需求，进行需求解析和试验设计等,2
1086,"协助解决生产系统生产问题。""",4
1087,"负责产业园运营中心相关IT系统的实施及运维工作。""",0
1088,"设置假设并能够用数据验证。""",1
1089,"．完成相应的调试和编码工作。""",1
1090,评估项目质量风险，与产品经理和开发人员就项目进度和问题进行沟通,4
1091,"""1、独自或和团队成员配合，完成模块设计、模块开发、单元测试，接口开发等工作",1
1092,按照开发流程规范，进行项目编码开发,1
1093,有效地对新人进行辅导，帮助其快速成长,4
1094,负责硬件系统或单元的调试，并参与完成系统测试,0
1095,"协调开发团队与外部客户，跟踪产品运营效果，形成产品分析报告并给出改进建议""",2
1096,解决遇到的各种技术难点，提出建议和最佳实践,4
1097,"""1、开发Scratch插件与自定模块",1
1098,协同或带领外包团队按时、保质地完成分派的研发任务,4
1099,"对软件需求进行管理，跟踪、控制需求变更，并对需求变更提出合理化建议；""",2
1100,负责项目页面编码、样式、程序嵌套、静态交互效果展示、浏览器兼容等相关工作,1
1101,根据需求，架构客户解决方案,2
1102,"""1、对测试过程进行监控，完成集成测试，系统测试，回归测试等",0
1103,"积极了解业界发展、相关新技术、新应用、扩展个人技术知识覆盖面。""",2
1104,"必要时需要协助其他团队解决技术问题""",4
1105,IVR流程设计和开发工作，确保公司,1
1106,"""1.负责H5前端设计和开发",0
1107,基于顺丰各项业务的海量优质数据，进行数据分析、人工智能建模、训练，为顺丰业务的数据化智能化运营提供参考和具体应用,2
1108,"测试质量分析与测试方法改进。""",1
1109,基础架构相关工作报告,2
1110,二、负责市场运作和营销策略的制定：,4
1111,"跟踪上线产品的推广效果、用户反馈，持续改进产品，提升用户体验""",2
1112,"配合其他部门做好设计相关工作；""",4
1113,负责研发项目的初期需求调研，并提出针对性的解决方案,2
1114,"与数据计算/存储团队合作，优化数据平台的性能，解决故障，提高稳定性。""",2
1115,"""1.支持算法的实现和优化",1
1116,具有较强的沟通与文档编写能力,1
1117,解决项目实施过程中可能出现的问题，确保最终的用户体验质量,4
1118,，负责中间件各组件相关标准制定，系统系统基础架构设计；2，负责中间件相关的技术培训与人才培养；3，负责中间件研究与定制开发工作；4，负责中间件自动化运维平台的建设；5，负责新技术、产品的研究与引入,0
1119,对测试实施过程中发现的软件问题进行跟踪分析和报告，推动测试中发现的问题及时合理的解决,4
1120,负责桌面事件数据分析，深挖优化项，并负责或推动优化工作实施落地,4
1121,"沉淀分析思路与框架,提炼数据产品需求,构建全面,准确的业务指标体系,并推动数据产品的落地",2
1122,负责产品新技术研发,2
1123,负责完成自动化工作的项目管理及进度管控,0
1124,负责系统测试工作，制定项目测试计划和方案，设计和执行测试用例进行缺陷跟踪,4
1125,开发测试工具或自动化解决方案，自动化测试程序编写，提高测试效率,1
1126,严格执行工作计划，主动汇报并高效完成任务保证部门及个人工作目标实现,4
1127,负责配置管理与变更管理、容量流程改进及优化,0
1128,"""1、根据行业或市场情况，结合公司产品发展策略，制定本部门产品或服务的发展路线",2
1129,按照项目计划在保证质量的前提下、写规范技术文档，按时提交高质量代码，完成开发任务,1
1130,"负责组织编制公司技术开发计划和公司技术发展长远规划""",4
1131,能够独立完成产品的需求分析和产品设计，善用原型设计等软件完成流程图、概念图、原型图等设计,1
1132,把握项目实施的整体进度，监督和指导技术团队各阶段计划的执行情况,4
1133,负责项目中主要功能的代码实现，同时参与后期的生产问题解决,4
1134,"负责运维主动预防工作，从应用系统架构、监控、容量、性能等方面进行分析以提前发现隐患问题，并推动优化解决，不断提高系统运行稳定性；""",0
1135,"""1.根据项目具体的要求，承担开发任务，按计划完成任务",4
1136,按照项目计划按时提交高质量的代码完成开发任务,4
1137,负责公司区部、分部、点部、门店的场地新建、弱电、网络设备、线路安装调试和故障排除,0
1138,"""1.调研和实现研发团队所需的各项技术需求，完成相关的概要设计和详细设计",2
1139,"协助发件工具及系统对接业务的推广。""",0
1140,确认目标用户群体，设定具体用户群体画像，定量、定性挖掘产品共性需求及价值点,2
1141,负责定位并解决现有软件存在的问题,0
1142,对APP进行有针对性地性能优化,2
1143,"完成上级安排的任务。""",3
1144,"""1．参与客户端软件产品的需求分析、项目概要设计、详细设计、开发计划等的编制并实施",1
1145,有版本管理经验，高效且高质量完成版本迭代,1
1146,负责分析事件现象，收集数据，向资科本部提出疑难问题，并进行跟踪,4
1147,"负责报表技术问题的解决；""",0
1148,"对常用的回归测试用例通过自动化工具实现自动回归测试。""",1
1149,．负责Windows系统下功能模块的编码工作和文档编写工作,1
1150,结合大数据用户需求，设计大数据平台产品线，主要有OLAP机器学习搜索平台实时平台调度平台等大数据方向,2
1151,"公司安排的其它工作""",4
1152,"完成上级交待的其他任务；""",3
1153,负责跟进项目进度，组织项目会议，整理相关报告等,4
1154,协助制定并实施部门的管理规章制度及各项流程，并进行流程优化,4
1155,对iOS平台开发技术进行研究，根据开发过程中的体验对产品提出改进建议,2
1156,完成对产品的功能、性能、安全及其他方面的测试,2
1157,"负责App的架构设计、性能优化以及技术攻关等内容；""",1
1158,"与产品、测试、服务端等相关人员配合共同完成产品的研发工作。""",2
1159,"""1、统筹、制定并审核集团基础架构及应用架构规范",4
1160,协助制定产品定位、发展规划及产品策略，并推动落实,4
1161,"参与测试方法/工具的创新及开发，并推广使用，提高测试用例覆盖率和测试效率。""",1
1162,规范文档的编写、维护，以及其他与项目相关的研发工作,1
1163,配合开发人员完成多终端适配所需切图等工作,1
1164,"财务相关系统的架构设计""",0
1165,负责公司场地运营系统维护与管理，定期巡检工作,0
1166,"""1.负责公司区域范围内分支网点的日常IT运维工作",0
1167,"""1、收集、分析、整合用户需求，结合公司业务流程和需求规范完成用户需求规格说明书等需求文档的编写",2
1168,"""1.负责内部信息安全产品和运营平台开发团队管理",0
1169,输出并管理产品需求文档、市场需求文档，包括MRD、PRD流程图、FAQ等,1
1170,负责推动运维领域向研发运维转型，结合Devops并推动落地,0
1171,定期检视基于埋点的用户行为数据，发现阻碍产品关键用户行为达成的问题点，并进行分析调研,2
1172,负责与规划、工建设计、项目实施、采购、用户等部门进行跨部门沟通，推动项目的开展,4
1173,负责办公场地除外的其他实验室或特殊场地的寻源、租赁及装修等跟进事宜，及后续日常费用持续管理等,4
1174,"负责推动项目不同阶段经验教训回顾总结，确保改进行动项在下个项目或阶段中付诸实施；""",4
1175,"""1.负责部门内部大客户系统支持团队的支持与管理，促进团队工作目标达成",4
1176,参与软件开发和维护过程中重大技术问题的解决，参与软件安装调试、数据割接、用户培训和项目推广,0
1177,负责整理优化前端基础组件，形成通用组件库,1
1178,与系统的用户群体，产品经理保持良好的客户关系,2
1179,负责航空货运产品的规划和实施，对产品进行可行性分析及设计，完成产品设计、编写产品需求文档、和各方进行有效沟通,2
1180,负责协助完善监控体系；包括监控体系的建立以及监控报警事件处理,0
1181,跟进项目进度，量化任务，合理分配给相关人员，并监督任务执行状态,4
1182,"""1：负责部门业务平台前端开发",0
1183,保持跟进研究测试领域技术和最佳实践，并能引入落地到项目组中发挥实际作用,4
1184,根据产品提供的需求文档，评审需求及工作量，并保证开发的功能的稳定性。2.评审测试人员提供的测试用例，并配合测试人员完成测试工作。3.负责模块设计，项目相关的技术文档的编写工作。5.负责项目中主要功能的代码实现，同时参与后期的生产问题解决,1
1185,对关键构件、接口进行设计，撰写系统设计文档,1
1186,及时了解行业最新动向，不断完善技术支持体系，实现通过信息化引领科技园的发展,2
1187,负责准备项目对外文档资料，和组织相关Workshop等活动,4
1188,"""1.	根据产业园运营中心战略发展规划，拟定中长期信息化发展规划，并制定计划组织实施，包括产品设计、技术选型、实现模式的路径规划等",4
1189,从客户以及经营的维度实施数据分析与挖掘，为大区经济圈提供IT数据运营分析支持,2
1190,根据公司和产品发展策略，负责公司产品策划工作,2
1191,算法实现：利用Python、Java、Matlab等编程语言实现算法模型的搭建，算法代码高效可行,1
1192,通过数据挖掘洞察用户习惯以及流程、产品设计缺陷,2
1193,"""1.网络和服务器专业设备维护（故障处理、变更升级和例检）",0
1194,制定顺丰科技敏捷运维方案并落地实施,4
1195,"计算机相关专业,具备4年以上测试工作经验;2、掌握基本的软件测试理论,熟悉软件测试的基本方法、流程和规范;3、熟练运用各种黑盒测试用例设计方法;4、熟悉linux命令,能独立搭建测试环境;5、熟悉MySql/Oracle等数据库应用;6、熟练应用各种测试工具和管理系统(如Jira、TD、TestLink等);7、至少了解或掌握一门脚本开发语言(如shell/tcl/perl/ruby/python/vbscript);8、熟悉或掌握自动化测试工具(如QTP/Selenium/watir等)，有QTP、Selenium实践经验积累者优先考虑;9、熟悉或掌握性能测试工具LoadRunner或Jmeter，有性能测试及优化经验者优先考虑;10.需要有敏捷测试经验",1
1196,"""1、负责包装实验室项目管理，并监督执行过程",4
1197,跟进并处理系统事件，持续优化平台体验,2
1198,根据项目特点，设计自动化测试框架，提供自动化解决方案，提高测试效率,2
1199,跨部门沟通协调提炼产品需求并制定产品业务规范，包括产品业务规则定义、业务流程梳理、业务逻辑梳理等,2
1200,线上活动的H5页面设计及广告宣传设计,1
1201,极强的责任心，追求完美的习惯，刨根问底的精神,2
1202,"""1、策划线上/下活动，进行产品推广，不断加强商户使用粘性、同时激活新用户",2
1203,"""1、测试需求理解：能够充分理解项目需求和产品设计思想，并能对产品的结构及功能提出建设性意见",2
1204,负责WEB应用的技术难点攻坚、新技术研究工作,4
1205,担任部门内各项行政人事工作接口人，负责统筹管理相关事务等,4
1206,"独立完成开发工作，进行模块测试，保证代码的质量""",1
1207,熟练运用AutoCAD绘图软件，并对Flexsim等仿真软件有充分认识,1
1208,与测试团队紧密配合，优化改进测试流程，提升测试效率,2
1209,"""1.微服务框架服务推广支持及微服务平台建设",2
1210,通过调研和分析准确把握用户需求，完成产品策划、原型设计、体验设计、上线运营,2
1211,负责参与地区机房、服务器环境的标准的制定与落地,4
1212,"对外部客户技术支持质量进行评估，提供优化方案，推动科技提升服务质量；""",2
1213,"负责专送产品运营推广扩展所需要的软件程序开发；""",0
1214,分析渠道运营数据，运用定向、时间、文案、借势等运营渠道，制定产品市场推广方案并落地执行,2
1215,"完成上级交付的其他工作任务。""",3
1216,"""1、承接梳理各部门的数据需求，产出完整的产品解决方案",2
1217,桌面类IT技术支持运维，保障日常办公需求,0
1218,"""1、在项目立项阶段与项目经理沟通确认项目交付方式",4
1219,负责公司内部的网络、客户端、服务器、机房等设备的安装调试和日常运维,0
1220,推动及开发高效的自动化运维、管理工具，提升运维工作效率,0
1221,"负责产品集成与扩展，打造基于业务场景的综合性解决方案。""",2
1222,"负责信息系统对接实施，按项目进度要求规划、设计、并交付。""",4
1223,应用机器学习等先进建模方法，利用大数据进行研发，保证模型准确率,1
1224,独立完成软件系统及模块的编码,1
1225,梳理财务领域的业务流程,2
1226,能够分析用户行为及需求，收集用户反馈，对产品进行优化和改进，不断提升用户体验,2
1227,"对复杂的中转场规划数据和信息进行分析、归纳和总结，洞察影响效率、质量、成本的瓶颈和成因，形成结构性的专业判断理论。对流程、效能、设备、工艺布局等建立全面、系统的认知,发现问题的关键点和关联因素。""",2
1228,顺丰全国网点分支网络的规划，参与建设和运维,0
1229,顺丰全国办公网络的规划、参与建设和运维,0
1230,"""1.对接集团业务，进行需求调研，梳理控制需求",2
1231,"根据上级要求完成服务器硬件压测相关工作。""",0
1232,高性能web服务的架构优化与维护,0
1233,"管理业务驱动和平台驱动的项目""",2
1234,"""1）能够制定需求管理计划，并严格监控，执行需求管理计划",4
1235,"了解JavaScript的基本操作包括搭建本地http服务器，Web通信;""",1
1236,"参与结构试验，以及其他临时分配工作。""",4
1237,负责日常数据提取，报表展示，数据挖掘,0
1238,按照要求和标准完成各类文档的编写工作,1
1239,逻辑思维能力强，可以熟练的进行技术分析，发现问题、解决问题,1
1240,为公司企业服务平台提供售前售后支持工作，协调运维过程中用户需求及系统问题，提升客户服务感知，优化系统需求,2
1241,"""1、负责项目研发、运维、落地、推广等全流程工作，统筹项目的全面有序按计划的开展及WBS分解",4
1242,负责运维、研发各类重点工作的跟进及项目管理、运维产品全生命周期推进，并给与指导意见,4
1243,负责需求和研发部门对运营支撑系统的结构设计和数据展现及相关产品设计,2
1244,机房基础环境优化及日常运维,0
1245,"负责编写清晰完整的设计文档及其它相关文档，以及系统部署上线。5.能独立构架和设计业务体系，并独立完成开发。6.按照详细的分工计划，定时完成工作。""",1
1246,组织对产业园运营中心信息化的风险进行评估及控制,4
1247,培养项目成员的需求理解分析能力,2
1248,持续优化iOS客户端产品，提升质量和性能,2
1249,"""1，参与项目的需求分析，预先评估项目的风险以及可测性",4
1250,负责结合资金业务规划，兼顾扩展性和效率效能，制定资金类系统实施路线图,4
1251,监控运维,0
1252,"助力方案+项目落地以及个性化解决方案研究。""",2
1253,负责配合完成内/外部及风险管控审计工作,4
1254,"熟练使用git进行版本控制；""",1
1255,发现需求中的问题,2
1256,"梳理人资领域的业务流程""",2
1257,收集和分析用户对于GUI的需求，结合用户体验，优化完善设计流程，高质量完成产品设计,2
1258,"完成领导交办的其他事项。""",3
1259,独自或和团队成员配合，完成模块设计、模块开发、单元测试，接口开发等工作；2、完成软件用户体验、性能、功能等方面的改进及提升工作，并交付合格产品；3、按照相关流程规范输出软件过程中的各种文档；4、高性能web服务的架构优化与维护；5、独立完成软件系统及模块的编码；6、协助测试人员完成软件系统及模块的测试；7、部分软件功能模块设计和软件界面美化,1
1260,"各类团队数据汇总及汇报，并形成相关方法论""",4
1261,负责个性化推荐系统及搜索产品，协调运营、算法团队提升推荐系统转化效率，优化搜索质量及体验,2
1262,通过用户调研、用户行为数据分析、竞品跟踪等方法深入理解用户需求，持续提升产品质量和体验，不断创新,2
1263,负责产品的测试方案制定，设计测试数据和测试用例,1
1264,"""1、根据项目需求，分析并给出合理的页面前端结构解决方案",2
1265,"优化和完善系统功能和性能。""",2
1266,负责产品规划及需求文档编写,1
1267,"""1、完成系统开发所需的大数据分析工作",1
1268,参与信息安全基础设施的选型和评估，参与相关的产品采购、实施建设、项目管理、日常维护管理工作,4
1269,"""职责描述：",3
1270,对研发人员进行过程培训及相关指导,4
1271,各类电机、控制器、传感器等系统集成设计,1
1272,：热爱学习，喜欢钻研前端新技术，能跟上业内技术的更新换代,2
1273,"协助项目经理处理系统技术方面的问题，完成版本的迭代开发工作""",1
1274,负责计算机软件硬件类的安装、配置、维护，如：台式/笔记本电脑、打印机、Office软件、会议系统软件、基础路由器/交换机等网络设备,1
1275,"负责Linux&unix操作系统容量规划、容量管理、服务器性能指标维新工作。""",1
1276,Web前沿技术研究和新技术调研,2
1277,负责跨部门协调和沟通，推动业务、设计、开发、测试、运营等人员紧密合作，达成产品落地实现,4
1278,"""1、对BG重点客户提供系统解决方案",2
1279,"具有良好的团队协作精神，可以承受较强的工作压力，擅于协调和沟通。""",4
1280,熟练掌握Hive，及优化、熟练掌握MapReduce开发和原理,1
1281,"""1.SAP人资模块的实施",1
1282,制定分阶段的产品目标和计划，设计产品原型以及编写产品说明文档,2
1283,"密切关注竞品动态，并做相应的竞品分析。""",4
1284,负责针对各类项目需求制定方案，输出文档，并在已有系统上扩展架构，实现功能基础框架，指导各开发小组人员进行开发,4
1285,"""1.参与产品需求分析，预先评估产品的风险以及可测性",2
1286,支持协助地区分公司日常行政事务指引,4
1287,承担部门运维技术培训职责，对新工具平台及新技术运用进行推广,0
1288,负责组织协调内、外部资源高效完成开发任务,4
1289,有能力精读MYSQL源码,1
1290,深入研究电商供应链管理全流程,2
1291,参与产品的构思及交互界面的优化，提出对界面优化的见解,1
1292,根据产品需求，进行需求分析评审、详细设计、技术文档编写,2
1293,负责报表相关需求开发,0
1294,开发并维护适合产品的自动化测试框架，进行自动化测试用例和代码的编写,1
1295,参加软件项目的相关评审,4
1296,"推动系统功能的完善与优化，简化人工操作，提高工作效率；""",2
1297,"""2、对部门业务提供稳定、安全、性能合格的运营环境和相关的专业技术支持",2
1298,"""1、承接辅助型业务工具的开发与应用",2
1299,协助开展IT内控培训、教育与宣传，促进良好的内控环境形成,4
1300,"""1、	负责桌面终端设备管控系统的日常运维管理和技术支持工作",0
1301,"""1、推动项目方案被有效并高效执行落地",4
1302,围绕物流行业核心场景，规划物流智能解决方案的产品需求，制定产品规划和发展策略，设计定制化物流项目、系统及开放平台解决方案，完成需求分析、产品策划、原型设计和产品演进路线图,2
1303,制定项目开发计划并追踪进度，管理项目风险,4
1304,"根据系统功能，设计系统界面，增强可视化与用户体验""",1
1305,３、研发中的技术难量，保证最终性能和稳定性，支撑整体云平台的对接需求,2
1306,"协助顺丰各IT子线网络的规划和建设""",0
1307,"协助做好指挥部信息安全工作。""",4
1308,分析了解行业、市场、竞争对手信息，结合自身相关信息与数据，提出对行业或市场的机会，为公司决定、目标设定、市场评估提供依据,2
1309,配合公司业务人员梳理业务场景，进行需求可行性分析，结合业务场景和版本规划，完成产品版本策划和原型设计,2
1310,"""1、全面负责大数据平台的管理、研发及优化",0
1311,负责SAP-HR模块性能和接口异常情况处理，确保系统正常运行,0
1312,运维,0
1313,"负责整理、分析一线业务需求，推动解决推广中遇到的问题；""",2
1314,有良好的大数据架构、设计能力及成功经验，思维能力良好，沟通表达能力较好,1
1315,负责根据营运需求及工艺流程，研发设计系统及设备，实现无人化或达至提升效率降低劳动强度的要求,2
1316,协助优化设备技术规范，推动设备创新、优化升级及新技术引进,2
1317,"负责把控产品推进进度、协调突发问题与质量管理工作。""",4
1318,负责理解和管理非功能性系统需求，包括软件的可维护性、性能、复用性、可靠性、可扩展性、有效性和可测试性等,1
1319,运营推广文案编写及呈现效果跟进,4
1320,"""1、负责网络及其设备的维护、管理、故障排除等日常工作，确保公司网络日常的正常运作",0
1321,对系统项平台的界面布局进行优化、扩展，提出技术改进方案,2
1322,"""1）负责收集市场最新的技术及动向，研究相关技术转化为适合于顺丰的生产力的可行性",4
1323,"协助产品运营人员对产品的各项指标进行回顾与验证""",2
1324,"""1、负责运维领域流程制度，包括ITIL体系建设及优化",0
1325,负责产品的运营，持续优化产品并提出改进需求意见；负责经营指标数据分析，以数据为导向优化产品形态,2
1326,负责制定顺丰同城推广策略，建立有效的分析，保障产品落地,4
1327,根据项目要求，使用SparkMLlib或Mahout实现数据挖掘开发,1
1328,跟进行业内最新技术动向，并进行相关技术预研及攻关,4
1329,"""一、工作职责：",3
1330,"""1.负责按软件设计文档进行编码实现，并确保代码质量和性能",1
1331,"""1	负责所属模块的发展建设，包含功能的规划、需求分析设计与技术实现",2
1332,持续优化前端框架及产品前端交互体验,2
1333,"""1)参与需求分析、设计评审，制定测试方案",4
1334,"""1、了解公司内部需求，并根据开发计划和设计规范编写测试计划、测试方案、测试用例、测试数据",1
1335,"完成上级安排的其它工作任务；""",3
1336,有较强的业务模型分析能力、沟通能力和文档编写能力,1
1337,"""1、了解行业动向，结合现状准确寻找市场切入点，为产品研发部门提供开发方向",2
1338,"""1、负责建立组织内项目管理制度/规范的制定和优化。包括统一的项目实施流程、项目过程实施指南和模板、项目管理工具等",4
1339,"把握互联网发展趋势，分析跟踪竞争对手，定期完成分析报告或产品竞争战略和计划。""",2
1340,参与产品需求阶段的整个过程，善于归纳用户需求并梳理制定产品流程和体验目标,2
1341,"负责产品运营及推广，持续挖掘产品价值""",2
1342,定期参加或组织工作中相关的服务规范和技术技能的培训学习,4
1343,"参与制定和维护系统级技术规范、接口文档，组织相关培训，促进团队整体技术能力提升；""",4
1344,采用各种数据挖掘算法从海量数据中选出最佳商品组合，为商品选品、定价、补货、活动等等一系列经营提供数据决策支持,2
1345,指导和协调地区IT处理门店各类IT设备的问题（网络、监控、广告机、电子价签、打印机、收银设备、手持终端等），指导和协调IT服务台处理门店桌面类问题及部分系统类问题,0
1346,基于顺丰各项业务的海量优质数据，进行数据分析、人工智能建模、训练，为顺丰业务的数据化智慧化运营提供参考和具体应用,2
1347,"""1、负责android客户端软件的产品开发与维护",0
1348,"负责团队产品能力提升，搭建合理的产品人才梯队，并形成可以复用的产品经理培养体系和方法。""",2
1349,"""1、负责机械结构、自动化设备结构设计，生产图纸出图",0
1350,"""1、结合医药业务发展战略，研究整体系统的发展方向及技术系统解决方案",2
1351,"承接上级布置的其他工作。""",3
1352,"负责模型算法开发与改进。""",1
1353,了解行业动向，研究分析集团内产品动态，主动探索产品发展方向,2
1354,"""1、参与新产品的设计、分析、与执行落地",4
1355,进行外部行业实践对标，搜集行业内公司的相关的IT技术和设备的应用情况，结合公司的业务情况，分析其合理性和可行性，为业务部门提供方案,2
1356,"""嵌入式经验：",1
1357,负责通过技术提升顺丰各类客户端用户体验、可用性和易用性,2
1358,收集产品需求，对用户需求、市场需求和业务需求进行调研分析，不断优化产品，提升产品质量,2
1359,"与设计师、后端开发工程师紧密工作在一起，完成功能的镶嵌和调试工作，实现产品前端UI和交互开发需求，确保产品在不同平台、设备商兼具优秀的用户体验。""",2
1360,协助完成自购范围内日常需求的服务类寻源和采购,2
1361,负责跟进视觉设计，协调开发和测试，推动产品上线和发布,4
1362,产品实施：负责原型设计、撰写需求文档，保证落实产品需求。跟进产品研发过程中反馈的问题，协调并提出相应产品改进方案,2
1363,"编制报告：根据产品的测试情况编写相应的测试报告，对发现缺陷的各种属性进行汇总和分析，并能够给出研发工作的改进建议。""",4
1364,负责无人机控制系统的软件接口定义和硬件驱动开发,1
1365,能够带领团队进行产品设计，需求调研，系统分析，系统设计与研发,2
1366,负责维修业务的用户需求调研与整理,2
1367,制定产品生产测试流程、生产测试标准，验证生产过程及工艺的合理性,2
1368,开发过程中定期对工作质量、进度进行评估，保证开发周期可控,4
1369,"负责系统测试验收。""",0
1370,"负责对现有业务流程进行梳理，发现痛点、并结合实际需求进行改进，提高效率，并从需求角度进行需求测试验证，对已经修复的问题和完成的功能进行评审和验证。""",2
1371,根据需求开发高性能、高兼容性的前端代码,1
1372,"""1、负责无人机结构设计，生产图纸出图",0
1373,负责内部系统性能测试脚本编码，性能测试场景设计，执行性能测试，收集和分析性能测试结果，提交性能测试问题,1
1374,负责后台系统的开发和维护，发现和解决存在的技术问题,0
1375,重大信息安全事件应急处置,4
1376,研究大数据解决方案和支持AI深度学习,2
1377,运维顺丰全网Linux&unix操作系统，保障操作系统稳定、安全、高效,1
1378,"""1、网络和服务器专业设备维护（故障处理、变更升级和例检）",0
1379,总体规划产品运营策略和方向，制定计划，推动计划执行并最终达成目标,4
1380,"""1、协助开发基于单目、双目或者RGBD摄像头为主的VSLAM算法",1
1381,参与丰修项目组维修业务的前后端产品规划，系统设计及功能设计等,2
1382,指导初中级人员，重视对于他们的锻炼和培养,4
1383,负责审批流程执行情况的监控和审计，推动授权的落地执行,4
1384,负责产品设计，业务逻辑、用户体验、各操作流程的优化及改进，输出产品设计方案，推动产品研发整个过程,2
1385,"""1.能独立完成模块界面设计并形成设计文档",1
1386,"，评估项目质量风险，与产品经理和开发人员就项目进度和问题进行沟通""",4
1387,协助项目经理安排各阶段评审会议，输出统计报表和项目汇报资料等；统筹项目各阶段文档归档,4
1388,配合业务部门进行客户洽谈、跟进客户IT需求及系统对接，对现有的客户进行IT系统解决方案推广并跟进实施,2
1389,"日常跟踪业界技术发展动态，并结合业务发展需要，研究引入合适的技术。""",2
1390,建立健全营销信息系统，收集整理各类市场情报及相关行业政策与信息，为本部门和其它部门提供信息决策支持,4
1391,"""保税区新模块机房三期7*24值班人员补充",4
1392,计算机视觉相关算法的设计，开发与调试与性能调优。前沿深度学习视觉算法的跟踪、实现与优化,1
1393,"负责编写系统运维文档，定期更新运维手册、系统标准化文档、用户操作手册、FAQ等文档。""",1
1394,"不断迭代优化已有大数据平台工具和数据产品，推动大数据平台的发展。""",2
1395,"""1、负责冷运事业部及地区提出的需求提供系统解决方案",0
1396,"处理研发打样质量及其他售后问题""",0
1397,参与程序架构和代码的评审工作，并提出改进意见,1
1398,"负责自动化测试开发人员培养和知识积累，协助组建部门自动化测试团队。""",0
1399,"""1、负责对业务发展、用户行为以及消费习惯等复杂问题进行数据建模，优化经营效果",2
1400,"""1、新产品包装开发与设计",1
1401,行业情报收集，分析，确保公司方案根据市场变化更新,2
1402,"完成上级交办的其它工作任务""",3
1403,参与数据平台的架构、设计以及实现,1
1404,"""1）负责无人机电机控制器硬件电路设计、调试与优化",0
1405,海量顺丰核心数据建模，提供数据咨询服务,2
1406,"""1、参与产品规划构思和创意过程，主导产品前期界面视觉用户研究、设计流行趋势分析和设定整体视觉风格和UI设计",1
1407,"配合控制工程师对机器人进行控制开发。""",4
1408,对用户进行回访调研，优化迭代产品方案,2
1409,"""1、负责航空运力平台相关产品及基础功能测试，包括系统测试、兼容性测试、保证发布质量",0
1410,"ProvidesITOperationalSupport,whichincludesUATs,Upgrade,deployment&etc.CoordinatewithCustomers,VendorsaswellasHQCounterparts",1
1411,及时发现并跟踪解决项目问题，有效管理项目风险,4
1412,使用不同的技术手段将用户的业务需求转换成系统需求,2
1413,通过大数据分析及建模实施包括但不限于用户画像、潜客挖掘、精准推荐、智能选址、销量预测，仓网规划等大数据应用方案,2
1414,"负责端到端的需求规划，中转模式变革；""",2
1415,负责组织技术成果及技术经济效益的专业评价工作,4
1416,负责开发过程的软件缺陷的报告、过程跟踪以及回归,4
1417,负责公司用户办公支持服务，helpdesk，桌面运维等,0
1418,"""1、负责顺丰商业智慧决策平台的搭建，构造大数据新技术在新零售领域的应用场景并推动其落地，如智能选品、智能定价、商圈分析、基于LBS的用户全渠道画像及个性化策略设计等",2
1419,协助各处室进行IT内控相关制度（要求）、流程的优化与改进,4
1420,对缺陷进行跟踪，推动缺陷得到合理的解决,4
1421,，参与产品需求、系统设计和程序代码的评审工作，并提出改进意见,2
1422,"对具体的产品进行性能优化，实现极致的Web页面加载、执行和渲染时间。""",1
1423,对核心算法和难点问题公关,1
1424,"与公司其他部门协作、配合，做好项目管理工作。""",4
1425,负责web微服务架构设计、开发、测试、发布等工作，满足高并发要求,0
1426,负责对公司内外沟通，以及项目和成果演示,4
1427,对所负责的运营产品进行日常维护及数据跟踪，定义并统计各项运营关键指标，能有效的进行相关数据分析工作，总结运营效果，制定新的运营策略,4
1428,"负责服务器硬件、操作系统及相关的应用软件的安装调试及日常桌面维护工作；""",0
1429,"""1、开发针对物流行业的视频结构化分析产品，负责其中CPU/GPU异构计算平台应用软件的开发工作",1
1430,"适应有挑战性的工作，有能力解决复杂的问题。""",2
1431,"""负责制定和持续优化财务公司IT类管理制度和流程，以及资金类系统操作规范，满足外部监管合规要求和实现内部管理规范化",4
1432,负责系统需求实现及落地工作,0
1433,分析用户行为输出购买模型,2
1434,依据业务需求定义产品的信息架构，流程逻辑，交互细节，提升产品体验,2
1435,负责与协助产品上线以后的改进，BUG跟踪、收集改进意见、提供改进方案,4
1436,负责数据中心内控建设及日常的QA检查,0
1437,负责系统的运维与主动预防，搭建监控机制以及时发现集群问题，持续提升系统可用性与稳定性,0
1438,"负责系统的集成与部署""",0
1439,"""1.UnderstandShippingProcessandITrequirementsfromcustomers.Mapitsprocessagainstouroperation/systemrequirementandNegotiateitwithIT/relateddepartmentstocomeupwithasolutiontoaddresscustomers'request.Presentasolutionwhichaddressbothcustomers'demandandSFinternalrequirements.",1
1440,用系统化的方法分析业务变化趋势，为管理层决策和产品完善提供数据支持,2
1441,负责数据库对像合规性检查及发布工作,0
1442,"""1、负责解决方案的售前技术支持",0
1443,编制报告：根据产品的测试情况编写相应的测试报告，对发现缺陷的各种属性进行汇总和分析，并能够给出研发工作的改进建议,4
1444,"受理并实现用户IT需求；""",2
1445,"""1.针对系统需求包含跨系统大型需求，进行需求分析、测试计划编写、测试方案设计、测试用例设计",1
1446,IT与业务融合需求的挖掘与有效输出,2
1447,精通掌握Objective-C语言、熟悉CocoaTouch框架和iOSSDK底层实现机制、熟悉XCode开发环境，熟练掌握iOS界面和交互开发,1
1448,带领前端团队对架构进行组件化设计,1
1449,负责对数据库进行性能优化,0
1450,"""1、负责相关场地的业务流程的优化、创新和落地实施",4
1451,熟悉数据库设计方法,1
1452,针对自动化业务场景需求，制定工业机器人应用解决方案，对工业机器人进行二次开发和调试,2
1453,对公司内部剔除的IT需求进行初审，平谷其需求品质及拖入与产出比，进行自助研发或上报,2
1454,"""1.负责智能产品和自动化产品需求分解，方案设计和评审",2
1455,"""1、负责Android移动端App的开发，根据产品定义及项目计划完成软件编码工作",1
1456,"协助流程设计师进行详细设计和产品实现。""",1
1457,"协作支持：负责与关联部门职能协作，引导关联部门达成产品愿景。""",4
1458,对项目的全过程进行组织、协调和管控，负责项目进度，组织项目会议，整理相关报告等,4
1459,"负责新技术、应用和预研产品的研究及开源组件研发。""",0
1460,"""1.负责单板固件需求分解，方案设计和评审",1
1461,高质量实现其它功能模块的编码与单元测试,1
1462,"""1、负责项目中与营运资源点、线路规划相关的模型场景需求、业务限制、优化点梳理，与算法团队沟通实现",2
1463,财务领域的需求分析和产品设计（解决方案设计），出具相应的文档,2
1464,关注用户反馈与沟通，知悉前沿视觉流行趋势，根据分析结果持续优化设计,2
1465,根据美工UI设计，完成产品界面美化、优化,1
1466,维护算法系统的高可用性和系统健壮,1
1467,"""1．参与客户端软件产品的需求分析、系统设计、界面设计",1
1468,负责监控验证数据线上效果，针对质量问题提出针对性解决方案,0
1469,参与App性能优化,1
1470,参加客户会议，客户需求梳理及相关文档编写,2
1471,推广实施IT服务项目及专项工作，持续为团队提供服务创新和优化意见，提升服务质量,2
1472,能够带领开发团队进行研发并能够实时掌握进度以及帮助团队解决难题，具有良好的抗压能力,4
1473,负责测试人员技能培训分享，提升测试团队整合测试能力,2
1474,"""1、负责信息安全事件处理",0
1475,"熟悉运维体系，加强运维管理平台的建设工作，撰写、管理运维方面的文档，形成过程资产，做到有章可循、条理清晰。""",0
1476,待定,4
1477,"""1.根据业务需求，基于Android平台进行业务框架设计与开发",2
1478,"产品面向客户以后的迭代运营以及不断优化。""",2
1479,"""1.解决方案开发，方案框架，模块等搭建及完善",1
1480,"""1、美术、设计或计算机等相关专业本科以上学历，三年以上互联网产品UI设计工作经验",1
1481,"基于公司业务数据,深入挖掘数据价值,负责数据源整合,各类画像类标签,营销类和平台类数据产品",2
1482,负责项目框架搭建、关键技术选型、技术难题攻关等工作,4
1483,"通过数据运营分析，输出业务解决方案，实现提高系统资源利用率、为公司创收或降低运营成本，为业务创造价值。""",2
1484,持续优化产品用户体验，并提供可靠的优化方案,2
1485,负责所属模块的代码开发、调试和维护工作，并及时支持响应客户的各类技术问题,0
1486,负责团队的管理与建设，保证效率，并持续提升团队专业能力,4
1487,"，进行新技术、新产品的预研；""",2
1488,"""?负责项目部分模块的设计开发工作",0
1489,为全栈式运维以及客户对接提供支持，从对接方案转化为全面地解决方案,2
1490,"""1、熟知公司业务数据和业务变化，构建业务数据模型",2
1491,根据上级主管要求编写符合规范的技术文档及维护手册,1
1492,协助项目经理跟进项目各阶段进度管理，BOM管理，物料状态管理，确保项目各节点正常交付,4
1493,大数据应用系统/平台设计、开发,1
1494,"""1、	策划线上/下活动，进行产品推广，不断加强商户使用粘性、同时激活新用户",2
1495,负责办公场地应用系统的部署、发布、监控、维护和优化,0
1496,对现有物流产品进行市场调研、成本及利润进行分析，收集和分析用户反馈和产品需求，协调开发与设计，不断完善产品，基于市场变化对产品适时做出调整，持续优化产品，包括运营模式、价格、时效等,2
1497,"负责与研发以及业务团队沟通；""",0
1498,"""1.负责地图数据从生产到上线的各类数据问题分析，对各环节的数据质量风险进行评估，进行数据质量问题挖掘，复现，推动数据改善",2
1499,开展内、外部人员的沟通协调工作，营造和谐的工作氛围，跟踪项目组成员工作，督促项目按计划完成,4
1500,负责公司运维自动化体系的不断完善,0
1501,负责产品设计进度跟进，辅助结构工程师进行结构设计及后期产品工艺和丝印等工作,4
1502,"""1、负责辖区内机房、网络、服务器运维",0
1503,负责内外业务部门的系统需求的信息收集及分析,0
1504,"""1.SAP财务模块的实施",0
1505,"""1.负责项目管理平台配置与维护",0
1506,对缺陷进行跟踪，推动缺陷得到合理的解决，对于存在的风险问题及时进行识别预警,4
1507,"深刻理解所负责的业务线，为产品优化、运营活动提供有效的数据支持。""",2
1508,测试需求理解：能够充分理解项目需求和产品设计思想，并能对产品的结构及功能提出建设性意见,2
1509,指导初级人员，重视对于他们的锻炼和培养,4
1510,熟悉物流输送分拣系统布局及设备结构、性能。能够基于对营运操作的理解，将规划需求转化为流程方案，并针对快件分拣中心物流输送系统的效能分析,2
1511,"""1.负责App及Web端UI自动化测试，设计自动化测试方案，提高测试效率",1
1512,3年以上仓储行业从业经验，深入理解和掌握仓储业务流程，对仓储数据应用有较好的认识和实际案例,2
1513,"""1、负责同城配移动端app业务的系统测试和专项测试",0
1514,协助地区研发人员解决技术困难,4
1515,无人机通信网络建立及保障，包括基站选址、安装、信号测试,0
1516,与业务部门密切配合，寻求数据层面的业务价值，利用数据分析结论推动业务过程优化,2
1517,定期进行团队技术分享,4
1518,"独立完成开发工作，进行模块测试，保证代码的质量；""",1
1519,"""1、负责数据仓库的模型设计，业务口径的梳理确认",0
1520,负责iOSAPP的发布,0
1521,"""1.挖掘网络数据形成可读报告",2
1522,"负责基于2D/RGB-D数据的物体检测（行人、车辆、OCR、通用物体）、分类、识别、分割、图像理解等相关技术的研发及实现；""",1
1523,"对产品提出产品优化建议，并跟进推动。""",2
1524,根据产品设计，利用HTML5，CSS3等相关技术开发网站等多平台的前端应用,2
1525,负责公司产品需求分析和规格说明书编写,2
1526,"""1、据开发计划和设计规范编写测试计划、测试方案、测试用例、测试数据",1
1527,负责对接集团PMO，对立项项目进行月度进度、财务跟踪，做好跨部门间沟通协作,4
1528,"""1、从事企业ERP的产品规划、需求整理",2
1529,进行软件详细设计和编码实现，确保安全、质量和性能,1
1530,负责优化、改进运维支持系统，并保证其安全高效稳定的运行,0
1531,负责公司公寓寻源租赁，及日常管理和规范,0
1532,"""1、	负责iOS版的相关产品开发",0
1533,"""1）带领项目组内初中级人员开展工作",4
1534,参与同城配项目产品的原型评审、测试用例的编写、测试用例的执行以及bug的追踪,1
1535,负责自动驾驶及车联网应用的产品研究、规划、定义、设计和完善,0
1536,维护地区分布式系统及数据库、定期对数据库数据进行清理和备份，保证数据库稳定运行，并向用户数据报表需求或相应的数据提取,1
1537,负责量产单板内置测试软件设计和开发调试,1
1538,设计开发,1
1539,能够主动结合全网基础架构的情况，提出符合信息安全的架构方案，并推动方案的落地实施,4
1540,负责产品整体运营策略和落地执行,4
1541,"完成上级交付的网络设备和服务器设备的维护、测试、部署、管理；""",0
1542,"""1.负责探索和运营新型物流网络数据产品",0
1543,"参与组织变革，支撑组织朝全栈应用运维方向转型。""",4
1544,对现有产品的视觉表现进行评估，能持续提出视觉优化改进方案,2
1545,负责提炼产品核心价值和卖点，进行多样化的产品市场化包装,2
1546,"""1.负责公司数据库系统的日常操作及维护",0
1547,"负责服务器硬件、操作系统及相关的应用软件的安装调试及日常桌面维护工作。""",0
1548,参与数据平台相关的接口设计及业务功能实现,2
1549,"""1、根据项目要求,配合团队开发手机应用软件",1
1550,"不断学习和研究新的互联网技术，以满足产品的设计创新要求；""",2
1551,为预研产品在iOS平台终端上提供统一可靠的支持服务,2
1552,负责大数据平台技术团队的管理与建设，提升团队成员技术能力及工作效率,2
1553,"负责跨部门、跨团队的协调和沟通，推动业务、设计、开发、测试团队紧密合作。""",4
1554,负责输出与软件测试相关的开发文档和技术文件，确保开发过程合规,1
1555,"FacilitatesystemintegrationbetweenCustomer,SFITaswellasvendors(ifany)",4
1556,处理各类网络的异常和故障，确保其稳定运作,4
1557,规划平台技术架构方向、负责总体方案设计、关键技术研发以及核心模块的编码实现,1
1558,"""1、负责顺丰优选（APP/PC/H5等）前端产品规划、设计工作，协同商品、市场、运营等团队，对线上产品进行优化、调整和升级，根据用户反馈及日常数据分析，完善产品功能，提高用户体验，优化运营效率，提升产品关键指标",2
1559,"""1、根据项目具体的要求，承担开发任务，按计划完成任务",4
1560,嵌入式软件测试用例设计经验,1
1561,"""1、配合业务部门进行客户洽谈、跟进客户IT需求及系统对接，对现有的客户进行IT系统解决方案推广并跟进实施",2
1562,负责公司运营系统监控及重大问题解决,0
1563,参与需求分析，完成功能模块的设计、开发、单元测试、集成和发布,1
1564,"协助内控相关产品的定位、需求、研发、运营。""",2
1565,能积极的与开发沟通，有较强的工作目标感与计划性，推进界面与交互设计的最终体现,4
1566,负责公司电子产品以及机电一体化产品的工业设计和研究工作，把握整体设计方向和设计风格,2
1567,提供弱电技术的诊断和技术指导,4
1568,具备扎实的Java编程能力，并有一定的C和C++编程基础,1
1569,"""1.对项目组长负责，参与项目组系统软件的日常研发工作，完成分配任务的方案设计、编码，并在交付测试后，协助测试小组完成测试工作",4
1570,负责数据库自动化运维流程规划和实现,0
1571,"搭建并维护持续集成测试环境。""",0
1572,负责产品宣传、手册、各类附件的美术设计工作,4
1573,负责区域内客户系统配置支持，问题反馈及跟踪，客户需求等,2
1574,"""1.负责内部管理和处理工具的设计和开发",0
1575,通过产品调研和运营数据分析，对顺丰优选系统产品发展情况给予评估，优化流程，负责产品生命全周期管理,2
1576,负责面向市场线与IT线提供大客户服务解决方案,0
1577,负责产品需求定义、协助制定产品定位、发展规划及产品策略,2
1578,"""1、使用特定工具对图像或者视频进行处理",1
1579,"""1、负责公司产品Web前端的架构设计和开发",0
1580,能够独立进行故障和问题分析，预防故障的发生，降低故障率,0
1581,"定期总结用户问题与推广经验。""",2
1582,参与数据即服务(Daas)设计和开发工作,2
1583,"负责组织活动和文化落地，活跃部门组织氛围。""",4
1584,负责后台服务的质量和性能优化,0
1585,安装和维护公司计算机、服务器系统软件和应用软件，同时为其他部门提供软硬件技术支持,0
1586,"""1.负责IT服务中心运维研发体系建设、构建分析、设计、开发、测试、部署全过程，打造高效的运维研发团队",0
1587,协助产品研发部门的例行性工作开展,4
1588,"""1.参与技术决策，技术选型、技术架构和技术风险评估",2
1589,"""1、作为核心人员参与顺丰集团在网络规划方面的重点项目，构建顺丰智慧大脑",4
1590,深入业务，主动挖掘需求，进行需求分析与产品设计,2
1591,在所负责的项目中起到统筹协调的作用，推动项目进程，并协调跨部门合作,4
1592,完成硬件元器件选型、辅助产品结构设计,1
1593,保证编码质量，负责具体的check工作,0
1594,"负责软件模块库建设""",0
1595,"参与构建测试流程规范，用丰富的手段保证产品质量""",4
1596,"""1、主要负责游戏中的人机交互以及图像识别开发",1
1597,开发产品原型，配合进行用户测试及分析,2
1598,负责处理用户服务请求事件,0
1599,带领开发小组按计划高质量完成项目工作,4
1600,"不断提改进产品方案，支撑运营活动及动作，共同完成产品整体业绩目标。""",2
1601,无人机通信系统开发，包括机载电台、地面通信基站功能实现,0
1602,"""1.配合产品经理，针对特定产品使用问题，开展用户调研以及可用性测试",2
1603,完成各PCB板件原理图和LAYOUT设计,1
1604,"负责专用算法及算法库设计""",1
1605,"""1.根据需求在IOS移动端进行应用开发、维护",2
1606,"组织相关知识培训：编程、统计建模、大数据知识与技能等。""",1
1607,"""1、算法设计：结合业务需求，基于运筹学、机器学习等人工智能技术方法设计网络规划模型与算法，解决航空网络规划、路由规划、陆运规划等复杂物流规划问题",2
1608,"""1、负责公司核心系统架构规划及实施，落地平台化、规范化、微服务化、可重用、可持续集成部署、流程化、标准化技术平台",0
1609,"""1、针对公司业务，完善数据监测、业务运营指标",2
